,Nordwest,Korall,Tasman,Süden,Südozean,Komplette Domäne,time
0,0.0,0.0,0.0,0.0,0.0,0.0,2009-06-01 00:00:00
1,0.0,0.0,0.0,0.0,0.0,0.0,2009-06-01 03:00:00
2,0.0,0.0,0.0,0.0,0.0,0.0,2009-06-01 06:00:00
3,0.0,0.0,0.0,0.0,0.0,0.0,2009-06-01 09:00:00
4,0.0,0.0,0.0,0.0,0.0,0.0,2009-06-01 12:00:00
5,0.0,0.0,0.0,0.0,0.0,0.0,2009-06-01 15:00:00
6,0.0,0.0,0.0,0.0,0.0,0.0,2009-06-01 18:00:00
7,0.0,0.0,0.0,0.0,0.0,0.0,2009-06-01 21:00:00
8,0.0,0.0,0.0,0.0,0.0,0.0,2009-06-02 00:00:00
9,0.0,0.0,0.0,0.0,0.0,0.0,2009-06-02 03:00:00
10,0.0,0.0,0.0,0.0,0.0,0.0,2009-06-02 06:00:00
11,0.0,0.0,0.0,0.0,0.0,0.0,2009-06-02 09:00:00
12,0.0,0.0,0.0,0.0,0.0,0.0,2009-06-02 12:00:00
13,0.0,0.0,0.0,0.0,0.0,0.0,2009-06-02 15:00:00
14,0.0,0.0,0.0,0.0,0.0,0.0,2009-06-02 18:00:00
15,0.0,0.0,0.0,0.0,0.0,0.0,2009-06-02 21:00:00
16,0.0,0.0,0.0,0.0,0.0,0.0,2009-06-03 00:00:00
17,0.0,0.0,0.0,0.0,0.0,0.0,2009-06-03 03:00:00
18,0.0,0.0,0.0,0.0,0.0,0.0,2009-06-03 06:00:00
19,0.0,0.0,0.0,0.0,0.0,0.0,2009-06-03 09:00:00
20,0.0,0.0,0.0,0.0,0.0,0.0,2009-06-03 12:00:00
21,0.0,0.0,0.0,0.0,0.0,0.0,2009-06-03 15:00:00
22,0.0,0.0,0.0,0.0,0.0,0.0,2009-06-03 18:00:00
23,0.0,0.0,0.0,0.0,0.0,0.0,2009-06-03 21:00:00
24,0.0,0.0,0.0,0.0,0.0,0.0,2009-06-04 00:00:00
25,0.0,0.0,0.0,0.0,0.0,0.0,2009-06-04 03:00:00
26,0.0,0.0,0.0,0.0,0.0,0.0,2009-06-04 06:00:00
27,0.0,0.0,0.0,0.0,0.0,0.0,2009-06-04 09:00:00
28,0.0,0.0,0.0,0.0,0.0,0.0,2009-06-04 12:00:00
29,0.0,0.0,0.0,0.0,0.0,0.0,2009-06-04 15:00:00
30,0.0,0.0,0.0,0.0,0.0,0.0,2009-06-04 18:00:00
31,0.0,0.0,0.0,0.0,0.0,0.0,2009-06-04 21:00:00
32,0.0,0.0,0.0,0.0,0.0,0.0,2009-06-05 00:00:00
33,0.0,0.0,0.0,0.0,0.0,0.0,2009-06-05 03:00:00
34,0.0,0.0,0.0,0.0,0.0,0.0,2009-06-05 06:00:00
35,0.0,0.0,0.0,0.0,0.0,0.0,2009-06-05 09:00:00
36,0.0,0.0,0.0,0.0,0.0,0.0,2009-06-05 12:00:00
37,0.0,0.0,0.0,0.0,0.0,0.0,2009-06-05 15:00:00
38,0.0,0.0,0.0,0.0,0.0,0.0,2009-06-05 18:00:00
39,0.0,0.0,0.0,0.0,0.0,0.0,2009-06-05 21:00:00
40,0.0,0.0,0.0,0.0,0.0,0.0,2009-06-06 00:00:00
41,0.0,0.0,0.0,0.0,0.0,0.0,2009-06-06 03:00:00
42,0.0,0.0,0.0,0.0,0.0,0.0,2009-06-06 06:00:00
43,0.0,0.0,0.0,0.0,0.0,0.0,2009-06-06 09:00:00
44,0.0,0.0,0.0,0.0,0.0,0.0,2009-06-06 12:00:00
45,0.0,0.0,0.0,0.0,0.0,0.0,2009-06-06 15:00:00
46,0.0,0.0,0.0,0.0,0.0,0.0,2009-06-06 18:00:00
47,0.0,0.0,0.0,0.0,0.0,0.0,2009-06-06 21:00:00
48,0.0,0.0,0.0,0.0,0.0,0.0,2009-06-07 00:00:00
49,0.0,0.0,0.0,0.0,0.0,0.0,2009-06-07 03:00:00
50,0.0,0.0,0.0,0.0,0.0,0.0,2009-06-07 06:00:00
51,0.0,0.0,0.0,0.0,0.0,0.0,2009-06-07 09:00:00
52,0.0,0.0,0.0,0.0,0.0,0.0,2009-06-07 12:00:00
53,0.0,0.0,0.0,0.0,0.0,0.0,2009-06-07 15:00:00
54,0.0,0.0,0.0,0.0,0.0,0.0,2009-06-07 18:00:00
55,0.0,0.0,0.0,0.0,0.0,0.0,2009-06-07 21:00:00
56,0.0,0.0,0.0,0.0,0.0,0.0,2009-06-08 00:00:00
57,0.0,0.0,0.0,0.0,0.0,0.0,2009-06-08 03:00:00
58,0.0,0.0,0.0,0.0,0.0,0.0,2009-06-08 06:00:00
59,0.0,0.0,0.0,0.0,0.0,0.0,2009-06-08 09:00:00
60,0.0,0.0,0.0,0.0,0.0,0.0,2009-06-08 12:00:00
61,0.0,0.0,0.0,0.0,0.0,0.0,2009-06-08 15:00:00
62,0.0,0.0,0.0,0.0,0.0,0.0,2009-06-08 18:00:00
63,0.0,0.0,0.0,0.0,0.0,0.0,2009-06-08 21:00:00
64,0.0,0.0,0.0,0.0,0.0,0.0,2009-06-09 00:00:00
65,0.0,0.0,0.0,0.0,0.0,0.0,2009-06-09 03:00:00
66,0.0,0.0,0.0,0.0,0.0,0.0,2009-06-09 06:00:00
67,0.0,0.0,0.0,0.0,0.0,0.0,2009-06-09 09:00:00
68,0.0,0.0,0.0,0.0,0.0,0.0,2009-06-09 12:00:00
69,0.0,0.0,0.0,0.0,0.0,0.0,2009-06-09 15:00:00
70,0.0,0.0,0.0,0.0,0.0,0.0,2009-06-09 18:00:00
71,0.0,0.0,0.0,0.0,0.0,0.0,2009-06-09 21:00:00
72,0.0,0.0,0.0,0.0,0.0,0.0,2009-06-10 00:00:00
73,0.0,0.0,0.0,0.0,0.0,0.0,2009-06-10 03:00:00
74,0.0,0.0,0.0,0.0,0.0,0.0,2009-06-10 06:00:00
75,0.0,0.0,0.0,0.0,0.0,0.0,2009-06-10 09:00:00
76,0.0,0.0,0.0,0.0,0.0,0.0,2009-06-10 12:00:00
77,0.0,0.0,0.0,0.0,0.0,0.0,2009-06-10 15:00:00
78,0.0,0.0,0.0,0.0,0.0,0.0,2009-06-10 18:00:00
79,0.0,0.0,0.0,0.0,0.0,0.0,2009-06-10 21:00:00
80,0.0,0.0,0.0,0.0,0.0,0.0,2009-06-11 00:00:00
81,0.0,0.0,0.0,0.0,0.0,0.0,2009-06-11 03:00:00
82,0.0,0.0,0.0,0.0,0.0,0.0,2009-06-11 06:00:00
83,0.0,0.0,0.0,0.0,0.0,0.0,2009-06-11 09:00:00
84,0.0,0.0,0.0,0.0,0.0,0.0,2009-06-11 12:00:00
85,0.0,0.0,0.0,0.0,0.0,0.0,2009-06-11 15:00:00
86,0.0,0.0,0.0,0.0,0.0,0.0,2009-06-11 18:00:00
87,0.0,0.0,0.0,0.0,0.0,0.0,2009-06-11 21:00:00
88,0.0,0.0,0.0,0.0,0.0,0.0,2009-06-12 00:00:00
89,0.0,0.0,0.0,0.0,0.0,0.0,2009-06-12 03:00:00
90,0.0,0.0,0.0,0.0,0.0,0.0,2009-06-12 06:00:00
91,0.0,0.0,0.0,0.0,0.0,0.0,2009-06-12 09:00:00
92,0.0,0.0,0.0,0.0,0.0,0.0,2009-06-12 12:00:00
93,0.0,0.0,0.0,0.0,0.0,0.0,2009-06-12 15:00:00
94,0.0,0.0,0.0,0.0,0.0,0.0,2009-06-12 18:00:00
95,0.0,0.0,0.0,0.0,0.0,0.0,2009-06-12 21:00:00
96,0.0,0.0,0.0,0.0,0.0,0.0,2009-06-13 00:00:00
97,0.0,0.0,0.0,0.0,0.0,0.0,2009-06-13 03:00:00
98,0.0,0.0,0.0,0.0,0.0,0.0,2009-06-13 06:00:00
99,0.0,0.0,0.0,0.0,0.0,0.0,2009-06-13 09:00:00
100,0.0,0.0,0.0,0.0,0.0,0.0,2009-06-13 12:00:00
101,0.0,0.0,0.0,0.0,0.0,0.0,2009-06-13 15:00:00
102,0.0,0.0,0.0,0.0,0.0,0.0,2009-06-13 18:00:00
103,0.0,0.0,0.0,0.0,0.0,0.0,2009-06-13 21:00:00
104,0.0,0.0,0.0,0.0,0.0,0.0,2009-06-14 00:00:00
105,0.0,0.0,0.0,0.0,0.0,0.0,2009-06-14 03:00:00
106,0.0,0.0,0.0,0.0,0.0,0.0,2009-06-14 06:00:00
107,0.0,0.0,0.0,0.0,0.0,0.0,2009-06-14 09:00:00
108,0.0,0.0,0.0,0.0,0.0,0.0,2009-06-14 12:00:00
109,0.0,0.0,0.0,0.0,0.0,0.0,2009-06-14 15:00:00
110,0.0,0.0,0.0,0.0,0.0,0.0,2009-06-14 18:00:00
111,0.0,0.0,0.0,0.0,0.0,0.0,2009-06-14 21:00:00
112,0.0,0.0,0.0,0.0,0.0,0.0,2009-06-15 00:00:00
113,0.0,0.0,0.0,0.0,0.0,0.0,2009-06-15 03:00:00
114,0.0,0.0,0.0,0.0,0.0,0.0,2009-06-15 06:00:00
115,0.0,0.0,0.0,0.0,0.0,0.0,2009-06-15 09:00:00
116,0.0,0.0,0.0,0.0,0.0,0.0,2009-06-15 12:00:00
117,0.0,0.0,0.0,0.0,0.0,0.0,2009-06-15 15:00:00
118,0.0,0.0,0.0,0.0,0.0,0.0,2009-06-15 18:00:00
119,0.0,0.0,0.0,0.0,0.0,0.0,2009-06-15 21:00:00
120,0.0,0.0,0.0,0.0,0.0,0.0,2009-06-16 00:00:00
121,0.0,0.0,0.0,0.0,0.0,0.0,2009-06-16 03:00:00
122,0.0,0.0,0.0,0.0,0.0,0.0,2009-06-16 06:00:00
123,0.0,0.0,0.0,0.0,0.0,0.0,2009-06-16 09:00:00
124,0.0,0.0,0.0,0.0,0.0,0.0,2009-06-16 12:00:00
125,0.0,0.0,0.0,0.0,0.0,0.0,2009-06-16 15:00:00
126,0.0,0.0,0.0,0.0,0.0,0.0,2009-06-16 18:00:00
127,0.0,0.0,0.0,0.0,0.0,0.0,2009-06-16 21:00:00
128,0.0,0.0,0.0,0.0,0.0,0.0,2009-06-17 00:00:00
129,0.0,0.0,0.0,0.0,0.0,0.0,2009-06-17 03:00:00
130,0.0,0.0,0.0,0.0,0.0,0.0,2009-06-17 06:00:00
131,0.0,0.0,0.0,0.0,0.0,0.0,2009-06-17 09:00:00
132,0.0,0.0,0.0,0.0,0.0,0.0,2009-06-17 12:00:00
133,0.0,0.0,0.0,0.0,0.0,0.0,2009-06-17 15:00:00
134,0.0,0.0,0.0,0.0,0.0,0.0,2009-06-17 18:00:00
135,0.0,0.0,0.0,0.0,0.0,0.0,2009-06-17 21:00:00
136,0.0,0.0,0.0,0.0,0.0,0.0,2009-06-18 00:00:00
137,0.0,0.0,0.0,0.0,0.0,0.0,2009-06-18 03:00:00
138,0.0,0.0,0.0,0.0,0.0,0.0,2009-06-18 06:00:00
139,0.0,0.0,0.0,0.0,0.0,0.0,2009-06-18 09:00:00
140,0.0,0.0,0.0,0.0,0.0,0.0,2009-06-18 12:00:00
141,0.0,0.0,0.0,0.0,0.0,0.0,2009-06-18 15:00:00
142,0.0,0.0,0.0,0.0,0.0,0.0,2009-06-18 18:00:00
143,0.0,0.0,0.0,0.0,0.0,0.0,2009-06-18 21:00:00
144,0.0,0.0,0.0,0.0,0.0,0.0,2009-06-19 00:00:00
145,0.0,0.0,0.0,0.0,0.0,0.0,2009-06-19 03:00:00
146,0.0,0.0,0.0,0.0,0.0,0.0,2009-06-19 06:00:00
147,0.0,0.0,0.0,0.0,0.0,0.0,2009-06-19 09:00:00
148,0.0,0.0,0.0,0.0,0.0,0.0,2009-06-19 12:00:00
149,0.0,0.0,0.0,0.0,0.0,0.0,2009-06-19 15:00:00
150,0.0,0.0,0.0,0.0,0.0,0.0,2009-06-19 18:00:00
151,0.0,0.0,0.0,0.0,0.0,0.0,2009-06-19 21:00:00
152,0.0,0.0,0.0,0.0,0.0,0.0,2009-06-20 00:00:00
153,0.0,0.0,0.0,0.0,0.0,0.0,2009-06-20 03:00:00
154,0.0,0.0,0.0,0.0,0.0,0.0,2009-06-20 06:00:00
155,0.0,0.0,0.0,0.0,0.0,0.0,2009-06-20 09:00:00
156,0.0,0.0,0.0,0.0,0.0,0.0,2009-06-20 12:00:00
157,0.0,0.0,0.0,0.0,0.0,0.0,2009-06-20 15:00:00
158,0.0,0.0,0.0,0.0,0.0,0.0,2009-06-20 18:00:00
159,0.0,0.0,0.0,0.0,0.0,0.0,2009-06-20 21:00:00
160,0.0,0.0,0.0,0.0,0.0,0.0,2009-06-21 00:00:00
161,0.0,0.0,0.0,0.0,0.0,0.0,2009-06-21 03:00:00
162,0.0,0.0,0.0,0.0,0.0,0.0,2009-06-21 06:00:00
163,0.0,0.0,0.0,0.0,0.0,0.0,2009-06-21 09:00:00
164,0.0,0.0,0.0,0.0,0.0,0.0,2009-06-21 12:00:00
165,0.0,0.0,0.0,0.0,0.0,0.0,2009-06-21 15:00:00
166,0.0,0.0,0.0,0.0,0.0,0.0,2009-06-21 18:00:00
167,0.0,0.0,0.0,0.0,0.0,0.0,2009-06-21 21:00:00
168,0.0,0.0,0.0,0.0,0.0,0.0,2009-06-22 00:00:00
169,0.0,0.0,0.0,0.0,0.0,0.0,2009-06-22 03:00:00
170,0.0,0.0,0.0,0.0,0.0,0.0,2009-06-22 06:00:00
171,0.0,0.0,0.0,0.0,0.0,0.0,2009-06-22 09:00:00
172,0.0,0.0,0.0,0.0,0.0,0.0,2009-06-22 12:00:00
173,0.0,0.0,0.0,0.0,0.0,0.0,2009-06-22 15:00:00
174,0.0,0.0,0.0,0.0,0.0,0.0,2009-06-22 18:00:00
175,0.0,0.0,0.0,0.0,0.0,0.0,2009-06-22 21:00:00
176,0.0,0.0,0.0,0.0,0.0,0.0,2009-06-23 00:00:00
177,0.0,0.0,0.0,0.0,0.0,0.0,2009-06-23 03:00:00
178,0.0,0.0,0.0,0.0,0.0,0.0,2009-06-23 06:00:00
179,0.0,0.0,0.0,0.0,0.0,0.0,2009-06-23 09:00:00
180,0.0,0.0,0.0,0.0,0.0,0.0,2009-06-23 12:00:00
181,0.0,0.0,0.0,0.0,0.0,0.0,2009-06-23 15:00:00
182,0.0,0.0,0.0,0.0,0.0,0.0,2009-06-23 18:00:00
183,0.0,0.0,0.0,0.0,0.0,0.0,2009-06-23 21:00:00
184,0.0,0.0,0.0,0.0,0.0,0.0,2009-06-24 00:00:00
185,0.0,0.0,0.0,0.0,0.0,0.0,2009-06-24 03:00:00
186,0.0,0.0,0.0,0.0,0.0,0.0,2009-06-24 06:00:00
187,0.0,0.0,0.0,0.0,0.0,0.0,2009-06-24 09:00:00
188,0.0,0.0,0.0,0.0,0.0,0.0,2009-06-24 12:00:00
189,0.0,0.0,0.0,0.0,0.0,0.0,2009-06-24 15:00:00
190,0.0,0.0,0.0,0.0,0.0,0.0,2009-06-24 18:00:00
191,0.0,0.0,0.0,0.0,0.0,0.0,2009-06-24 21:00:00
192,0.0,0.0,0.0,0.0,0.0,0.0,2009-06-25 00:00:00
193,0.0,0.0,0.0,0.0,0.0,0.0,2009-06-25 03:00:00
194,0.0,0.0,0.0,0.0,0.0,0.0,2009-06-25 06:00:00
195,0.0,0.0,0.0,0.0,0.0,0.0,2009-06-25 09:00:00
196,0.0,0.0,0.0,0.0,0.0,0.0,2009-06-25 12:00:00
197,0.0,0.0,0.0,0.0,0.0,0.0,2009-06-25 15:00:00
198,0.0,0.0,0.0,0.0,0.0,0.0,2009-06-25 18:00:00
199,0.0,0.0,0.0,0.0,0.0,0.0,2009-06-25 21:00:00
200,0.0,0.0,0.0,0.0,0.0,0.0,2009-06-26 00:00:00
201,0.0,0.0,0.0,0.0,0.0,0.0,2009-06-26 03:00:00
202,0.0,0.0,0.0,0.0,0.0,0.0,2009-06-26 06:00:00
203,0.0,0.0,0.0,0.0,0.0,0.0,2009-06-26 09:00:00
204,0.0,0.0,0.0,0.0,0.0,0.0,2009-06-26 12:00:00
205,0.0,0.0,0.0,0.0,0.0,0.0,2009-06-26 15:00:00
206,0.0,0.0,0.0,0.0,0.0,0.0,2009-06-26 18:00:00
207,0.0,0.0,0.0,0.0,0.0,0.0,2009-06-26 21:00:00
208,0.0,0.0,0.0,0.0,0.0,0.0,2009-06-27 00:00:00
209,0.0,0.0,0.0,0.0,0.0,0.0,2009-06-27 03:00:00
210,0.0,0.0,0.0,0.0,0.0,0.0,2009-06-27 06:00:00
211,0.0,0.0,0.0,0.0,0.0,0.0,2009-06-27 09:00:00
212,0.0,0.0,0.0,0.0,0.0,0.0,2009-06-27 12:00:00
213,0.0,0.0,0.0,0.0,0.0,0.0,2009-06-27 15:00:00
214,0.0,0.0,0.0,0.0,0.0,0.0,2009-06-27 18:00:00
215,0.0,0.0,0.0,0.0,0.0,0.0,2009-06-27 21:00:00
216,0.0,0.0,0.0,0.0,0.0,0.0,2009-06-28 00:00:00
217,0.0,0.0,0.0,0.0,0.0,0.0,2009-06-28 03:00:00
218,0.0,0.0,0.0,0.0,0.0,0.0,2009-06-28 06:00:00
219,0.0,0.0,0.0,0.0,0.0,0.0,2009-06-28 09:00:00
220,0.0,0.0,0.0,0.0,0.0,0.0,2009-06-28 12:00:00
221,0.0,0.0,0.0,0.0,0.0,0.0,2009-06-28 15:00:00
222,0.0,0.0,0.0,0.0,0.0,0.0,2009-06-28 18:00:00
223,0.0,0.0,0.0,0.0,0.0,0.0,2009-06-28 21:00:00
224,0.0,0.0,0.0,0.0,0.0,0.0,2009-06-29 00:00:00
225,0.0,0.0,0.0,0.0,0.0,0.0,2009-06-29 03:00:00
226,0.0,0.0,0.0,0.0,0.0,0.0,2009-06-29 06:00:00
227,0.0,0.0,0.0,0.0,0.0,0.0,2009-06-29 09:00:00
228,0.0,0.0,0.0,0.0,0.0,0.0,2009-06-29 12:00:00
229,0.0,0.0,0.0,0.0,0.0,0.0,2009-06-29 15:00:00
230,0.0,0.0,0.0,0.0,0.0,0.0,2009-06-29 18:00:00
231,0.0,0.0,0.0,0.0,0.0,0.0,2009-06-29 21:00:00
232,0.0,0.0,0.0,0.0,0.0,0.0,2009-06-30 00:00:00
233,0.0,0.0,0.0,0.0,0.0,0.0,2009-06-30 03:00:00
234,0.0,0.0,0.0,0.0,0.0,0.0,2009-06-30 06:00:00
235,0.0,0.0,0.0,0.0,0.0,0.0,2009-06-30 09:00:00
236,0.0,0.0,0.0,0.0,0.0,0.0,2009-06-30 12:00:00
237,0.0,0.0,0.0,0.0,0.0,0.0,2009-06-30 15:00:00
238,0.0,0.0,0.0,0.0,0.0,0.0,2009-06-30 18:00:00
239,0.0,0.0,0.0,0.0,0.0,0.0,2009-06-30 21:00:00
240,0.0,0.0,0.0,0.0,0.0,0.0,2009-07-01 00:00:00
241,0.0,0.0,0.0,0.0,0.0,0.0,2009-07-01 03:00:00
242,0.0,0.0,0.0,0.0,0.0,0.0,2009-07-01 06:00:00
243,0.0,0.0,0.0,0.0,0.0,0.0,2009-07-01 09:00:00
244,0.0,0.0,0.0,0.0,0.0,0.0,2009-07-01 12:00:00
245,0.0,0.0,0.0,0.0,0.0,0.0,2009-07-01 15:00:00
246,0.0,0.0,0.0,0.0,0.0,0.0,2009-07-01 18:00:00
247,0.0,0.0,0.0,0.0,0.0,0.0,2009-07-01 21:00:00
248,0.0,0.0,0.0,0.0,0.0,0.0,2009-07-02 00:00:00
249,0.0,0.0,0.0,0.0,0.0,0.0,2009-07-02 03:00:00
250,0.0,0.0,0.0,0.0,0.0,0.0,2009-07-02 06:00:00
251,0.0,0.0,0.0,0.0,0.0,0.0,2009-07-02 09:00:00
252,0.0,0.0,0.0,0.0,0.0,0.0,2009-07-02 12:00:00
253,0.0,0.0,0.0,0.0,0.0,0.0,2009-07-02 15:00:00
254,0.0,0.0,0.0,0.0,0.0,0.0,2009-07-02 18:00:00
255,0.0,0.0,0.0,0.0,0.0,0.0,2009-07-02 21:00:00
256,0.0,0.0,0.0,0.0,0.0,0.0,2009-07-03 00:00:00
257,0.0,0.0,0.0,0.0,0.0,0.0,2009-07-03 03:00:00
258,0.0,0.0,0.0,0.0,0.0,0.0,2009-07-03 06:00:00
259,0.0,0.0,0.0,0.0,0.0,0.0,2009-07-03 09:00:00
260,0.0,0.0,0.0,0.0,0.0,0.0,2009-07-03 12:00:00
261,0.0,0.0,0.0,0.0,0.0,0.0,2009-07-03 15:00:00
262,0.0,0.0,0.0,0.0,0.0,0.0,2009-07-03 18:00:00
263,0.0,0.0,0.0,0.0,0.0,0.0,2009-07-03 21:00:00
264,0.0,0.0,0.0,0.0,0.0,0.0,2009-07-04 00:00:00
265,0.0,0.0,0.0,0.0,0.0,0.0,2009-07-04 03:00:00
266,0.0,0.0,0.0,0.0,0.0,0.0,2009-07-04 06:00:00
267,0.0,0.0,0.0,0.0,0.0,0.0,2009-07-04 09:00:00
268,0.0,0.0,0.0,0.0,0.0,0.0,2009-07-04 12:00:00
269,0.0,0.0,0.0,0.0,0.0,0.0,2009-07-04 15:00:00
270,0.0,0.0,0.0,0.0,0.0,0.0,2009-07-04 18:00:00
271,0.0,0.0,0.0,0.0,0.0,0.0,2009-07-04 21:00:00
272,0.0,0.0,0.0,0.0,0.0,0.0,2009-07-05 00:00:00
273,0.0,0.0,0.0,0.0,0.0,0.0,2009-07-05 03:00:00
274,0.0,0.0,0.0,0.0,0.0,0.0,2009-07-05 06:00:00
275,0.0,0.0,0.0,0.0,0.0,0.0,2009-07-05 09:00:00
276,0.0,0.0,0.0,0.0,0.0,0.0,2009-07-05 12:00:00
277,0.0,0.0,0.0,0.0,0.0,0.0,2009-07-05 15:00:00
278,0.0,0.0,0.0,0.0,0.0,0.0,2009-07-05 18:00:00
279,0.0,0.0,0.0,0.0,0.0,0.0,2009-07-05 21:00:00
280,0.0,0.0,0.0,0.0,0.0,0.0,2009-07-06 00:00:00
281,0.0,0.0,0.0,0.0,0.0,0.0,2009-07-06 03:00:00
282,0.0,0.0,0.0,0.0,0.0,0.0,2009-07-06 06:00:00
283,0.0,0.0,0.0,0.0,0.0,0.0,2009-07-06 09:00:00
284,0.0,0.0,0.0,0.0,0.0,0.0,2009-07-06 12:00:00
285,0.0,0.0,0.0,0.0,0.0,0.0,2009-07-06 15:00:00
286,0.0,0.0,0.0,0.0,0.0,0.0,2009-07-06 18:00:00
287,0.0,0.0,0.0,0.0,0.0,0.0,2009-07-06 21:00:00
288,0.0,0.0,0.0,0.0,0.0,0.0,2009-07-07 00:00:00
289,0.0,0.0,0.0,0.0,0.0,0.0,2009-07-07 03:00:00
290,0.0,0.0,0.0,0.0,0.0,0.0,2009-07-07 06:00:00
291,0.0,0.0,0.0,0.0,0.0,0.0,2009-07-07 09:00:00
292,0.0,0.0,0.0,0.0,0.0,0.0,2009-07-07 12:00:00
293,0.0,0.0,0.0,0.0,0.0,0.0,2009-07-07 15:00:00
294,0.0,0.0,0.0,0.0,0.0,0.0,2009-07-07 18:00:00
295,0.0,0.0,0.0,0.0,0.0,0.0,2009-07-07 21:00:00
296,0.0,0.0,0.0,0.0,0.0,0.0,2009-07-08 00:00:00
297,0.0,0.0,0.0,0.0,0.0,0.0,2009-07-08 03:00:00
298,0.0,0.0,0.0,0.0,0.0,0.0,2009-07-08 06:00:00
299,0.0,0.0,0.0,0.0,0.0,0.0,2009-07-08 09:00:00
300,0.0,0.0,0.0,0.0,0.0,0.0,2009-07-08 12:00:00
301,0.0,0.0,0.0,0.0,0.0,0.0,2009-07-08 15:00:00
302,0.0,0.0,0.0,0.0,0.0,0.0,2009-07-08 18:00:00
303,0.0,0.0,0.0,0.0,0.0,0.0,2009-07-08 21:00:00
304,0.0,0.0,0.0,0.0,0.0,0.0,2009-07-09 00:00:00
305,0.0,0.0,0.0,0.0,0.0,0.0,2009-07-09 03:00:00
306,0.0,0.0,0.0,0.0,0.0,0.0,2009-07-09 06:00:00
307,0.0,0.0,0.0,0.0,0.0,0.0,2009-07-09 09:00:00
308,0.0,0.0,0.0,0.0,0.0,0.0,2009-07-09 12:00:00
309,0.0,0.0,0.0,0.0,0.0,0.0,2009-07-09 15:00:00
310,0.0,0.0,0.0,0.0,0.0,0.0,2009-07-09 18:00:00
311,0.0,0.0,0.0,0.0,0.0,0.0,2009-07-09 21:00:00
312,0.0,0.0,0.0,0.0,0.0,0.0,2009-07-10 00:00:00
313,0.0,0.0,0.0,0.0,0.0,0.0,2009-07-10 03:00:00
314,0.0,0.0,0.0,0.0,0.0,0.0,2009-07-10 06:00:00
315,0.0,0.0,0.0,0.0,0.0,0.0,2009-07-10 09:00:00
316,0.0,0.0,0.0,0.0,0.0,0.0,2009-07-10 12:00:00
317,0.0,0.0,0.0,0.0,0.0,0.0,2009-07-10 15:00:00
318,0.0,0.0,0.0,0.0,0.0,0.0,2009-07-10 18:00:00
319,0.0,0.0,0.0,0.0,0.0,0.0,2009-07-10 21:00:00
320,0.0,0.0,0.0,0.0,0.0,0.0,2009-07-11 00:00:00
321,0.0,0.0,0.0,0.0,0.0,0.0,2009-07-11 03:00:00
322,0.0,0.0,0.0,0.0,0.0,0.0,2009-07-11 06:00:00
323,0.0,0.0,0.0,0.0,0.0,0.0,2009-07-11 09:00:00
324,0.0,0.0,0.0,0.0,0.0,0.0,2009-07-11 12:00:00
325,0.0,0.0,0.0,0.0,0.0,0.0,2009-07-11 15:00:00
326,0.0,0.0,0.0,0.0,0.0,0.0,2009-07-11 18:00:00
327,0.0,0.0,0.0,0.0,0.0,0.0,2009-07-11 21:00:00
328,0.0,0.0,0.0,0.0,0.0,0.0,2009-07-12 00:00:00
329,0.0,0.0,0.0,0.0,0.0,0.0,2009-07-12 03:00:00
330,0.0,0.0,0.0,0.0,0.0,0.0,2009-07-12 06:00:00
331,0.0,0.0,0.0,0.0,0.0,0.0,2009-07-12 09:00:00
332,0.0,0.0,0.0,0.0,0.0,0.0,2009-07-12 12:00:00
333,0.0,0.0,0.0,0.0,0.0,0.0,2009-07-12 15:00:00
334,0.0,0.0,0.0,0.0,0.0,0.0,2009-07-12 18:00:00
335,0.0,0.0,0.0,0.0,0.0,0.0,2009-07-12 21:00:00
336,0.0,0.0,0.0,0.0,0.0,0.0,2009-07-13 00:00:00
337,0.0,0.0,0.0,0.0,0.0,0.0,2009-07-13 03:00:00
338,0.0,0.0,0.0,0.0,0.0,0.0,2009-07-13 06:00:00
339,0.0,0.0,0.0,0.0,0.0,0.0,2009-07-13 09:00:00
340,0.0,0.0,0.0,0.0,0.0,0.0,2009-07-13 12:00:00
341,0.0,0.0,0.0,0.0,0.0,0.0,2009-07-13 15:00:00
342,0.0,0.0,0.0,0.0,0.0,0.0,2009-07-13 18:00:00
343,0.0,0.0,0.0,0.0,0.0,0.0,2009-07-13 21:00:00
344,0.0,0.0,0.0,0.0,0.0,0.0,2009-07-14 00:00:00
345,0.0,0.0,0.0,0.0,0.0,0.0,2009-07-14 03:00:00
346,0.0,0.0,0.0,0.0,0.0,0.0,2009-07-14 06:00:00
347,0.0,0.0,0.0,0.0,0.0,0.0,2009-07-14 09:00:00
348,0.0,0.0,0.0,0.0,0.0,0.0,2009-07-14 12:00:00
349,0.0,0.0,0.0,0.0,0.0,0.0,2009-07-14 15:00:00
350,0.0,0.0,0.0,0.0,0.0,0.0,2009-07-14 18:00:00
351,0.0,0.0,0.0,0.0,0.0,0.0,2009-07-14 21:00:00
352,0.0,0.0,0.0,0.0,0.0,0.0,2009-07-15 00:00:00
353,0.0,0.0,0.0,0.0,0.0,0.0,2009-07-15 03:00:00
354,0.0,0.0,0.0,0.0,0.0,0.0,2009-07-15 06:00:00
355,0.0,0.0,0.0,0.0,0.0,0.0,2009-07-15 09:00:00
356,0.0,0.0,0.0,0.0,0.0,0.0,2009-07-15 12:00:00
357,0.0,0.0,0.0,0.0,0.0,0.0,2009-07-15 15:00:00
358,0.0,0.0,0.0,0.0,0.0,0.0,2009-07-15 18:00:00
359,0.0,0.0,0.0,0.0,0.0,0.0,2009-07-15 21:00:00
360,0.0,0.0,0.0,0.0,0.0,0.0,2009-07-16 00:00:00
361,0.0,0.0,0.0,0.0,0.0,0.0,2009-07-16 03:00:00
362,0.0,0.0,0.0,0.0,0.0,0.0,2009-07-16 06:00:00
363,0.0,0.0,0.0,0.0,0.0,0.0,2009-07-16 09:00:00
364,0.0,0.0,0.0,0.0,0.0,0.0,2009-07-16 12:00:00
365,0.0,0.0,0.0,0.0,0.0,0.0,2009-07-16 15:00:00
366,0.0,0.0,0.0,0.0,0.0,0.0,2009-07-16 18:00:00
367,0.0,0.0,0.0,0.0,0.0,0.0,2009-07-16 21:00:00
368,0.0,0.0,0.0,0.0,0.0,0.0,2009-07-17 00:00:00
369,0.0,0.0,0.0,0.0,0.0,0.0,2009-07-17 03:00:00
370,0.0,0.0,0.0,0.0,0.0,0.0,2009-07-17 06:00:00
371,0.0,0.0,0.0,0.0,0.0,0.0,2009-07-17 09:00:00
372,0.0,0.0,0.0,0.0,0.0,0.0,2009-07-17 12:00:00
373,0.0,0.0,0.0,0.0,0.0,0.0,2009-07-17 15:00:00
374,0.0,0.0,0.0,0.0,0.0,0.0,2009-07-17 18:00:00
375,0.0,0.0,0.0,0.0,0.0,0.0,2009-07-17 21:00:00
376,0.0,0.0,0.0,0.0,0.0,0.0,2009-07-18 00:00:00
377,0.0,0.0,0.0,0.0,0.0,0.0,2009-07-18 03:00:00
378,0.0,0.0,0.0,0.0,0.0,0.0,2009-07-18 06:00:00
379,0.0,0.0,0.0,0.0,0.0,0.0,2009-07-18 09:00:00
380,0.0,0.0,0.0,0.0,0.0,0.0,2009-07-18 12:00:00
381,0.0,0.0,0.0,0.0,0.0,0.0,2009-07-18 15:00:00
382,0.0,0.0,0.0,0.0,0.0,0.0,2009-07-18 18:00:00
383,0.0,0.0,0.0,0.0,0.0,0.0,2009-07-18 21:00:00
384,0.0,0.0,0.0,0.0,0.0,0.0,2009-07-19 00:00:00
385,0.0,0.0,0.0,0.0,0.0,0.0,2009-07-19 03:00:00
386,0.0,0.0,0.0,0.0,0.0,0.0,2009-07-19 06:00:00
387,0.0,0.0,0.0,0.0,0.0,0.0,2009-07-19 09:00:00
388,0.0,0.0,0.0,0.0,0.0,0.0,2009-07-19 12:00:00
389,0.0,0.0,0.0,0.0,0.0,0.0,2009-07-19 15:00:00
390,0.0,0.0,0.0,0.0,0.0,0.0,2009-07-19 18:00:00
391,0.0,0.0,0.0,0.0,0.0,0.0,2009-07-19 21:00:00
392,0.0,0.0,0.0,0.0,0.0,0.0,2009-07-20 00:00:00
393,0.0,0.0,0.0,0.0,0.0,0.0,2009-07-20 03:00:00
394,0.0,0.0,0.0,0.0,0.0,0.0,2009-07-20 06:00:00
395,0.0,0.0,0.0,0.0,0.0,0.0,2009-07-20 09:00:00
396,0.0,0.0,0.0,0.0,0.0,0.0,2009-07-20 12:00:00
397,0.0,0.0,0.0,0.0,0.0,0.0,2009-07-20 15:00:00
398,0.0,0.0,0.0,0.0,0.0,0.0,2009-07-20 18:00:00
399,0.0,0.0,0.0,0.0,0.0,0.0,2009-07-20 21:00:00
400,0.0,0.0,0.0,0.0,0.0,0.0,2009-07-21 00:00:00
401,0.0,0.0,0.0,0.0,0.0,0.0,2009-07-21 03:00:00
402,0.0,0.0,0.0,0.0,0.0,0.0,2009-07-21 06:00:00
403,0.0,0.0,0.0,0.0,0.0,0.0,2009-07-21 09:00:00
404,0.0,0.0,0.0,0.0,0.0,0.0,2009-07-21 12:00:00
405,0.0,0.0,0.0,0.0,0.0,0.0,2009-07-21 15:00:00
406,0.0,0.0,0.0,0.0,0.0,0.0,2009-07-21 18:00:00
407,0.0,0.0,0.0,0.0,0.0,0.0,2009-07-21 21:00:00
408,0.0,0.0,0.0,0.0,0.0,0.0,2009-07-22 00:00:00
409,0.0,0.0,0.0,0.0,0.0,0.0,2009-07-22 03:00:00
410,0.0,0.0,0.0,0.0,0.0,0.0,2009-07-22 06:00:00
411,0.0,0.0,0.0,0.0,0.0,0.0,2009-07-22 09:00:00
412,0.0,0.0,0.0,0.0,0.0,0.0,2009-07-22 12:00:00
413,0.0,0.0,0.0,0.0,0.0,0.0,2009-07-22 15:00:00
414,0.0,0.0,0.0,0.0,0.0,0.0,2009-07-22 18:00:00
415,0.0,0.0,0.0,0.0,0.0,0.0,2009-07-22 21:00:00
416,0.0,0.0,0.0,0.0,0.0,0.0,2009-07-23 00:00:00
417,0.0,0.0,0.0,0.0,0.0,0.0,2009-07-23 03:00:00
418,0.0,0.0,0.0,0.0,0.0,0.0,2009-07-23 06:00:00
419,0.0,0.0,0.0,0.0,0.0,0.0,2009-07-23 09:00:00
420,0.0,0.0,0.0,0.0,0.0,0.0,2009-07-23 12:00:00
421,0.0,0.0,0.0,0.0,0.0,0.0,2009-07-23 15:00:00
422,0.0,0.0,0.0,0.0,0.0,0.0,2009-07-23 18:00:00
423,0.0,0.0,0.0,0.0,0.0,0.0,2009-07-23 21:00:00
424,0.0,0.0,0.0,0.0,0.0,0.0,2009-07-24 00:00:00
425,0.0,0.0,0.0,0.0,0.0,0.0,2009-07-24 03:00:00
426,0.0,0.0,0.0,0.0,0.0,0.0,2009-07-24 06:00:00
427,0.0,0.0,0.0,0.0,0.0,0.0,2009-07-24 09:00:00
428,0.0,0.0,0.0,0.0,0.0,0.0,2009-07-24 12:00:00
429,0.0,0.0,0.0,0.0,0.0,0.0,2009-07-24 15:00:00
430,0.0,0.0,0.0,0.0,0.0,0.0,2009-07-24 18:00:00
431,0.0,0.0,0.0,0.0,0.0,0.0,2009-07-24 21:00:00
432,0.0,0.0,0.0,0.0,0.0,0.0,2009-07-25 00:00:00
433,0.0,0.0,0.0,0.0,0.0,0.0,2009-07-25 03:00:00
434,0.0,0.0,0.0,0.0,0.0,0.0,2009-07-25 06:00:00
435,0.0,0.0,0.0,0.0,0.0,0.0,2009-07-25 09:00:00
436,0.0,0.0,0.0,0.0,0.0,0.0,2009-07-25 12:00:00
437,0.0,0.0,0.0,0.0,0.0,0.0,2009-07-25 15:00:00
438,0.0,0.0,0.0,0.0,0.0,0.0,2009-07-25 18:00:00
439,0.0,0.0,0.0,0.0,0.0,0.0,2009-07-25 21:00:00
440,0.0,0.0,0.0,0.0,0.0,0.0,2009-07-26 00:00:00
441,0.0,0.0,0.0,0.0,0.0,0.0,2009-07-26 03:00:00
442,0.0,0.0,0.0,0.0,0.0,0.0,2009-07-26 06:00:00
443,0.0,0.0,0.0,0.0,0.0,0.0,2009-07-26 09:00:00
444,0.0,0.0,0.0,0.0,0.0,0.0,2009-07-26 12:00:00
445,0.0,0.0,0.0,0.0,0.0,0.0,2009-07-26 15:00:00
446,0.0,0.0,0.0,0.0,0.0,0.0,2009-07-26 18:00:00
447,0.0,0.0,0.0,0.0,0.0,0.0,2009-07-26 21:00:00
448,0.0,0.0,0.0,0.0,0.0,0.0,2009-07-27 00:00:00
449,0.0,0.0,0.0,0.0,0.0,0.0,2009-07-27 03:00:00
450,0.0,0.0,0.0,0.0,0.0,0.0,2009-07-27 06:00:00
451,0.0,0.0,0.0,0.0,0.0,0.0,2009-07-27 09:00:00
452,0.0,0.0,0.0,0.0,0.0,0.0,2009-07-27 12:00:00
453,0.0,0.0,0.0,0.0,0.0,0.0,2009-07-27 15:00:00
454,0.0,0.0,0.0,0.0,0.0,0.0,2009-07-27 18:00:00
455,0.0,0.0,0.0,0.0,0.0,0.0,2009-07-27 21:00:00
456,0.0,0.0,0.0,0.0,0.0,0.0,2009-07-28 00:00:00
457,0.0,0.0,0.0,0.0,0.0,0.0,2009-07-28 03:00:00
458,0.0,0.0,0.0,0.0,0.0,0.0,2009-07-28 06:00:00
459,0.0,0.0,0.0,0.0,0.0,0.0,2009-07-28 09:00:00
460,0.0,0.0,0.0,0.0,0.0,0.0,2009-07-28 12:00:00
461,0.0,0.0,0.0,0.0,0.0,0.0,2009-07-28 15:00:00
462,0.0,0.0,0.0,0.0,0.0,0.0,2009-07-28 18:00:00
463,0.0,0.0,0.0,0.0,0.0,0.0,2009-07-28 21:00:00
464,0.0,0.0,0.0,0.0,0.0,0.0,2009-07-29 00:00:00
465,0.0,0.0,0.0,0.0,0.0,0.0,2009-07-29 03:00:00
466,0.0,0.0,0.0,0.0,0.0,0.0,2009-07-29 06:00:00
467,0.0,0.0,0.0,0.0,0.0,0.0,2009-07-29 09:00:00
468,0.0,0.0,0.0,0.0,0.0,0.0,2009-07-29 12:00:00
469,0.0,0.0,0.0,0.0,0.0,0.0,2009-07-29 15:00:00
470,0.0,0.0,0.0,0.0,0.0,0.0,2009-07-29 18:00:00
471,0.0,0.0,0.0,0.0,0.0,0.0,2009-07-29 21:00:00
472,0.0,0.0,0.0,0.0,0.0,0.0,2009-07-30 00:00:00
473,0.0,0.0,0.0,0.0,0.0,0.0,2009-07-30 03:00:00
474,0.0,0.0,0.0,0.0,0.0,0.0,2009-07-30 06:00:00
475,0.0,0.0,0.0,0.0,0.0,0.0,2009-07-30 09:00:00
476,0.0,0.0,0.0,0.0,0.0,0.0,2009-07-30 12:00:00
477,0.0,0.0,0.0,0.0,0.0,0.0,2009-07-30 15:00:00
478,0.0,0.0,0.0,0.0,0.0,0.0,2009-07-30 18:00:00
479,0.0,0.0,0.0,0.0,0.0,0.0,2009-07-30 21:00:00
480,0.0,0.0,0.0,0.0,0.0,0.0,2009-07-31 00:00:00
481,0.0,0.0,0.0,0.0,0.0,0.0,2009-07-31 03:00:00
482,0.0,0.0,0.0,0.0,0.0,0.0,2009-07-31 06:00:00
483,0.0,0.0,0.0,0.0,0.0,0.0,2009-07-31 09:00:00
484,0.0,0.0,0.0,0.0,0.0,0.0,2009-07-31 12:00:00
485,0.0,0.0,0.0,0.0,0.0,0.0,2009-07-31 15:00:00
486,0.0,0.0,0.0,0.0,0.0,0.0,2009-07-31 18:00:00
487,0.0,0.0,0.0,0.0,0.0,0.0,2009-07-31 21:00:00
488,0.0,0.0,0.0,0.0,0.0,0.0,2009-08-01 00:00:00
489,0.0,0.0,0.0,0.0,0.0,0.0,2009-08-01 03:00:00
490,0.0,0.0,0.0,0.0,0.0,0.0,2009-08-01 06:00:00
491,0.0,0.0,0.0,0.0,0.0,0.0,2009-08-01 09:00:00
492,0.0,0.0,0.0,0.0,0.0,0.0,2009-08-01 12:00:00
493,0.0,0.0,0.0,0.0,0.0,0.0,2009-08-01 15:00:00
494,0.0,0.0,0.0,0.0,0.0,0.0,2009-08-01 18:00:00
495,0.0,0.0,0.0,0.0,0.0,0.0,2009-08-01 21:00:00
496,0.0,0.0,0.0,0.0,0.0,0.0,2009-08-02 00:00:00
497,0.0,0.0,0.0,0.0,0.0,0.0,2009-08-02 03:00:00
498,0.0,0.0,0.0,0.0,0.0,0.0,2009-08-02 06:00:00
499,0.0,0.0,0.0,0.0,0.0,0.0,2009-08-02 09:00:00
500,0.0,0.0,0.0,0.0,0.0,0.0,2009-08-02 12:00:00
501,0.0,0.0,0.0,0.0,0.0,0.0,2009-08-02 15:00:00
502,0.0,0.0,0.0,0.0,0.0,0.0,2009-08-02 18:00:00
503,0.0,0.0,0.0,0.0,0.0,0.0,2009-08-02 21:00:00
504,0.0,0.0,0.0,0.0,0.0,0.0,2009-08-03 00:00:00
505,0.0,0.0,0.0,0.0,0.0,0.0,2009-08-03 03:00:00
506,0.0,0.0,0.0,0.0,0.0,0.0,2009-08-03 06:00:00
507,0.0,0.0,0.0,0.0,0.0,0.0,2009-08-03 09:00:00
508,0.0,0.0,0.0,0.0,0.0,0.0,2009-08-03 12:00:00
509,0.0,0.0,0.0,0.0,0.0,0.0,2009-08-03 15:00:00
510,0.0,0.0,0.0,0.0,0.0,0.0,2009-08-03 18:00:00
511,0.0,0.0,0.0,0.0,0.0,0.0,2009-08-03 21:00:00
512,0.0,0.0,0.0,0.0,0.0,0.0,2009-08-04 00:00:00
513,0.0,0.0,0.0,0.0,0.0,0.0,2009-08-04 03:00:00
514,0.0,0.0,0.0,0.0,0.0,0.0,2009-08-04 06:00:00
515,0.0,0.0,0.0,0.0,0.0,0.0,2009-08-04 09:00:00
516,0.0,0.0,0.0,0.0,0.0,0.0,2009-08-04 12:00:00
517,0.0,0.0,0.0,0.0,0.0,0.0,2009-08-04 15:00:00
518,0.0,0.0,0.0,0.0,0.0,0.0,2009-08-04 18:00:00
519,0.0,0.0,0.0,0.0,0.0,0.0,2009-08-04 21:00:00
520,0.0,0.0,0.0,0.0,0.0,0.0,2009-08-05 00:00:00
521,0.0,0.0,0.0,0.0,0.0,0.0,2009-08-05 03:00:00
522,0.0,0.0,0.0,0.0,0.0,0.0,2009-08-05 06:00:00
523,0.0,0.0,0.0,0.0,0.0,0.0,2009-08-05 09:00:00
524,0.0,0.0,0.0,0.0,0.0,0.0,2009-08-05 12:00:00
525,0.0,0.0,0.0,0.0,0.0,0.0,2009-08-05 15:00:00
526,0.0,0.0,0.0,0.0,0.0,0.0,2009-08-05 18:00:00
527,0.0,0.0,0.0,0.0,0.0,0.0,2009-08-05 21:00:00
528,0.0,0.0,0.0,0.0,0.0,0.0,2009-08-06 00:00:00
529,0.0,0.0,0.0,0.0,0.0,0.0,2009-08-06 03:00:00
530,0.0,0.0,0.0,0.0,0.0,0.0,2009-08-06 06:00:00
531,0.0,0.0,0.0,0.0,0.0,0.0,2009-08-06 09:00:00
532,0.0,0.0,0.0,0.0,0.0,0.0,2009-08-06 12:00:00
533,0.0,0.0,0.0,0.0,0.0,0.0,2009-08-06 15:00:00
534,0.0,0.0,0.0,0.0,0.0,0.0,2009-08-06 18:00:00
535,0.0,0.0,0.0,0.0,0.0,0.0,2009-08-06 21:00:00
536,0.0,0.0,0.0,0.0,0.0,0.0,2009-08-07 00:00:00
537,0.0,0.0,0.0,0.0,0.0,0.0,2009-08-07 03:00:00
538,0.0,0.0,0.0,0.0,0.0,0.0,2009-08-07 06:00:00
539,0.0,0.0,0.0,0.0,0.0,0.0,2009-08-07 09:00:00
540,0.0,0.0,0.0,0.0,0.0,0.0,2009-08-07 12:00:00
541,0.0,0.0,0.0,0.0,0.0,0.0,2009-08-07 15:00:00
542,0.0,0.0,0.0,0.0,0.0,0.0,2009-08-07 18:00:00
543,0.0,0.0,0.0,0.0,0.0,0.0,2009-08-07 21:00:00
544,0.0,0.0,0.0,0.0,0.0,0.0,2009-08-08 00:00:00
545,0.0,0.0,0.0,0.0,0.0,0.0,2009-08-08 03:00:00
546,0.0,0.0,0.0,0.0,0.0,0.0,2009-08-08 06:00:00
547,0.0,0.0,0.0,0.0,0.0,0.0,2009-08-08 09:00:00
548,0.0,0.0,0.0,0.0,0.0,0.0,2009-08-08 12:00:00
549,0.0,0.0,0.0,0.0,0.0,0.0,2009-08-08 15:00:00
550,0.0,0.0,0.0,0.0,0.0,0.0,2009-08-08 18:00:00
551,0.0,0.0,0.0,0.0,0.0,0.0,2009-08-08 21:00:00
552,0.0,0.0,0.0,0.0,0.0,0.0,2009-08-09 00:00:00
553,0.0,0.0,0.0,0.0,0.0,0.0,2009-08-09 03:00:00
554,0.0,0.0,0.0,0.0,0.0,0.0,2009-08-09 06:00:00
555,0.0,0.0,0.0,0.0,0.0,0.0,2009-08-09 09:00:00
556,0.0,0.0,0.0,0.0,0.0,0.0,2009-08-09 12:00:00
557,0.0,0.0,0.0,0.0,0.0,0.0,2009-08-09 15:00:00
558,0.0,0.0,0.0,0.0,0.0,0.0,2009-08-09 18:00:00
559,0.0,0.0,0.0,0.0,0.0,0.0,2009-08-09 21:00:00
560,0.0,0.0,0.0,0.0,0.0,0.0,2009-08-10 00:00:00
561,0.0,0.0,0.0,0.0,0.0,0.0,2009-08-10 03:00:00
562,0.0,0.0,0.0,0.0,0.0,0.0,2009-08-10 06:00:00
563,0.0,0.0,0.0,0.0,0.0,0.0,2009-08-10 09:00:00
564,0.0,0.0,0.0,0.0,0.0,0.0,2009-08-10 12:00:00
565,0.0,0.0,0.0,0.0,0.0,0.0,2009-08-10 15:00:00
566,0.0,0.0,0.0,0.0,0.0,0.0,2009-08-10 18:00:00
567,0.0,0.0,0.0,0.0,0.0,0.0,2009-08-10 21:00:00
568,0.0,0.0,0.0,0.0,0.0,0.0,2009-08-11 00:00:00
569,0.0,0.0,0.0,0.0,0.0,0.0,2009-08-11 03:00:00
570,0.0,0.0,0.0,0.0,0.0,0.0,2009-08-11 06:00:00
571,0.0,0.0,0.0,0.0,0.0,0.0,2009-08-11 09:00:00
572,0.0,0.0,0.0,0.0,0.0,0.0,2009-08-11 12:00:00
573,0.0,0.0,0.0,0.0,0.0,0.0,2009-08-11 15:00:00
574,0.0,0.0,0.0,0.0,0.0,0.0,2009-08-11 18:00:00
575,0.0,0.0,0.0,0.0,0.0,0.0,2009-08-11 21:00:00
576,0.0,0.0,0.0,0.0,0.0,0.0,2009-08-12 00:00:00
577,0.0,0.0,0.0,0.0,0.0,0.0,2009-08-12 03:00:00
578,0.0,0.0,0.0,0.0,0.0,0.0,2009-08-12 06:00:00
579,0.0,0.0,0.0,0.0,0.0,0.0,2009-08-12 09:00:00
580,0.0,0.0,0.0,0.0,0.0,0.0,2009-08-12 12:00:00
581,0.0,0.0,0.0,0.0,0.0,0.0,2009-08-12 15:00:00
582,0.0,0.0,0.0,0.0,0.0,0.0,2009-08-12 18:00:00
583,0.0,0.0,0.0,0.0,0.0,0.0,2009-08-12 21:00:00
584,0.0,0.0,0.0,0.0,0.0,0.0,2009-08-13 00:00:00
585,0.0,0.0,0.0,0.0,0.0,0.0,2009-08-13 03:00:00
586,0.0,0.0,0.0,0.0,0.0,0.0,2009-08-13 06:00:00
587,0.0,0.0,0.0,0.0,0.0,0.0,2009-08-13 09:00:00
588,0.0,0.0,0.0,0.0,0.0,0.0,2009-08-13 12:00:00
589,0.0,0.0,0.0,0.0,0.0,0.0,2009-08-13 15:00:00
590,0.0,0.0,0.0,0.0,0.0,0.0,2009-08-13 18:00:00
591,0.0,0.0,0.0,0.0,0.0,0.0,2009-08-13 21:00:00
592,0.0,0.0,0.0,0.0,0.0,0.0,2009-08-14 00:00:00
593,0.0,0.0,0.0,0.0,0.0,0.0,2009-08-14 03:00:00
594,0.0,0.0,0.0,0.0,0.0,0.0,2009-08-14 06:00:00
595,0.0,0.0,0.0,0.0,0.0,0.0,2009-08-14 09:00:00
596,0.0,0.0,0.0,0.0,0.0,0.0,2009-08-14 12:00:00
597,0.0,0.0,0.0,0.0,0.0,0.0,2009-08-14 15:00:00
598,0.0,0.0,0.0,0.0,0.0,0.0,2009-08-14 18:00:00
599,0.0,0.0,0.0,0.0,0.0,0.0,2009-08-14 21:00:00
600,0.0,0.0,0.0,0.0,0.0,0.0,2009-08-15 00:00:00
601,0.0,0.0,0.0,0.0,0.0,0.0,2009-08-15 03:00:00
602,0.0,0.0,0.0,0.0,0.0,0.0,2009-08-15 06:00:00
603,0.0,0.0,0.0,0.0,0.0,0.0,2009-08-15 09:00:00
604,0.0,0.0,0.0,0.0,0.0,0.0,2009-08-15 12:00:00
605,0.0,0.0,0.0,0.0,0.0,0.0,2009-08-15 15:00:00
606,0.0,0.0,0.0,0.0,0.0,0.0,2009-08-15 18:00:00
607,0.0,0.0,0.0,0.0,0.0,0.0,2009-08-15 21:00:00
608,0.0,0.0,0.0,0.0,0.0,0.0,2009-08-16 00:00:00
609,0.0,0.0,0.0,0.0,0.0,0.0,2009-08-16 03:00:00
610,0.0,0.0,0.0,0.0,0.0,0.0,2009-08-16 06:00:00
611,0.0,0.0,0.0,0.0,0.0,0.0,2009-08-16 09:00:00
612,0.0,0.0,0.0,0.0,0.0,0.0,2009-08-16 12:00:00
613,0.0,0.0,0.0,0.0,0.0,0.0,2009-08-16 15:00:00
614,0.0,0.0,0.0,0.0,0.0,0.0,2009-08-16 18:00:00
615,0.0,0.0,0.0,0.0,0.0,0.0,2009-08-16 21:00:00
616,0.0,0.0,0.0,0.0,0.0,0.0,2009-08-17 00:00:00
617,0.0,0.0,0.0,0.0,0.0,0.0,2009-08-17 03:00:00
618,0.0,0.0,0.0,0.0,0.0,0.0,2009-08-17 06:00:00
619,0.0,0.0,0.0,0.0,0.0,0.0,2009-08-17 09:00:00
620,0.0,0.0,0.0,0.0,0.0,0.0,2009-08-17 12:00:00
621,0.0,0.0,0.0,0.0,0.0,0.0,2009-08-17 15:00:00
622,0.0,0.0,0.0,0.0,0.0,0.0,2009-08-17 18:00:00
623,0.0,0.0,0.0,0.0,0.0,0.0,2009-08-17 21:00:00
624,0.0,0.0,0.0,0.0,0.0,0.0,2009-08-18 00:00:00
625,0.0,0.0,0.0,0.0,0.0,0.0,2009-08-18 03:00:00
626,0.0,0.0,0.0,0.0,0.0,0.0,2009-08-18 06:00:00
627,0.0,0.0,0.0,0.0,0.0,0.0,2009-08-18 09:00:00
628,0.0,0.0,0.0,0.0,0.0,0.0,2009-08-18 12:00:00
629,0.0,0.0,0.0,0.0,0.0,0.0,2009-08-18 15:00:00
630,0.0,0.0,0.0,0.0,0.0,0.0,2009-08-18 18:00:00
631,0.0,0.0,0.0,0.0,0.0,0.0,2009-08-18 21:00:00
632,0.0,0.0,0.0,0.0,0.0,0.0,2009-08-19 00:00:00
633,0.0,0.0,0.0,0.0,0.0,0.0,2009-08-19 03:00:00
634,0.0,0.0,0.0,0.0,0.0,0.0,2009-08-19 06:00:00
635,0.0,0.0,0.0,0.0,0.0,0.0,2009-08-19 09:00:00
636,0.0,0.0,0.0,0.0,0.0,0.0,2009-08-19 12:00:00
637,0.0,0.0,0.0,0.0,0.0,0.0,2009-08-19 15:00:00
638,0.0,0.0,0.0,0.0,0.0,0.0,2009-08-19 18:00:00
639,0.0,0.0,0.0,0.0,0.0,0.0,2009-08-19 21:00:00
640,0.0,0.0,0.0,0.0,0.0,0.0,2009-08-20 00:00:00
641,0.0,0.0,0.0,0.0,0.0,0.0,2009-08-20 03:00:00
642,0.0,0.0,0.0,0.0,0.0,0.0,2009-08-20 06:00:00
643,0.0,0.0,0.0,0.0,0.0,0.0,2009-08-20 09:00:00
644,0.0,0.0,0.0,0.0,0.0,0.0,2009-08-20 12:00:00
645,0.0,0.0,0.0,0.0,0.0,0.0,2009-08-20 15:00:00
646,0.0,0.0,0.0,0.0,0.0,0.0,2009-08-20 18:00:00
647,0.0,0.0,0.0,0.0,0.0,0.0,2009-08-20 21:00:00
648,0.0,0.0,0.0,0.0,0.0,0.0,2009-08-21 00:00:00
649,0.0,0.0,0.0,0.0,0.0,0.0,2009-08-21 03:00:00
650,0.0,0.0,0.0,0.0,0.0,0.0,2009-08-21 06:00:00
651,0.0,0.0,0.0,0.0,0.0,0.0,2009-08-21 09:00:00
652,0.0,0.0,0.0,0.0,0.0,0.0,2009-08-21 12:00:00
653,0.0,0.0,0.0,0.0,0.0,0.0,2009-08-21 15:00:00
654,0.0,0.0,0.0,0.0,0.0,0.0,2009-08-21 18:00:00
655,0.0,0.0,0.0,0.0,0.0,0.0,2009-08-21 21:00:00
656,0.0,0.0,0.0,0.0,0.0,0.0,2009-08-22 00:00:00
657,0.0,0.0,0.0,0.0,0.0,0.0,2009-08-22 03:00:00
658,0.0,0.0,0.0,0.0,0.0,0.0,2009-08-22 06:00:00
659,0.0,0.0,0.0,0.0,0.0,0.0,2009-08-22 09:00:00
660,0.0,0.0,0.0,0.0,0.0,0.0,2009-08-22 12:00:00
661,0.0,0.0,0.0,0.0,0.0,0.0,2009-08-22 15:00:00
662,0.0,0.0,0.0,0.0,0.0,0.0,2009-08-22 18:00:00
663,0.0,0.0,0.0,0.0,0.0,0.0,2009-08-22 21:00:00
664,0.0,0.0,0.0,0.0,0.0,0.0,2009-08-23 00:00:00
665,0.0,0.0,0.0,0.0,0.0,0.0,2009-08-23 03:00:00
666,0.0,0.0,0.0,0.0,0.0,0.0,2009-08-23 06:00:00
667,0.0,0.0,0.0,0.0,0.0,0.0,2009-08-23 09:00:00
668,0.0,0.0,0.0,0.0,0.0,0.0,2009-08-23 12:00:00
669,0.0,0.0,0.0,0.0,0.0,0.0,2009-08-23 15:00:00
670,0.0,0.0,0.0,0.0,0.0,0.0,2009-08-23 18:00:00
671,0.0,0.0,0.0,0.0,0.0,0.0,2009-08-23 21:00:00
672,0.0,0.0,0.0,0.0,0.0,0.0,2009-08-24 00:00:00
673,0.0,0.0,0.0,0.0,0.0,0.0,2009-08-24 03:00:00
674,0.0,0.0,0.0,0.0,0.0,0.0,2009-08-24 06:00:00
675,0.0,0.0,0.0,0.0,0.0,0.0,2009-08-24 09:00:00
676,0.0,0.0,0.0,0.0,0.0,0.0,2009-08-24 12:00:00
677,0.0,0.0,0.0,0.0,0.0,0.0,2009-08-24 15:00:00
678,0.0,0.0,0.0,0.0,0.0,0.0,2009-08-24 18:00:00
679,0.0,0.0,0.0,0.0,0.0,0.0,2009-08-24 21:00:00
680,0.0,0.0,0.0,0.0,0.0,0.0,2009-08-25 00:00:00
681,0.0,0.0,0.0,0.0,0.0,0.0,2009-08-25 03:00:00
682,0.0,0.0,0.0,0.0,0.0,0.0,2009-08-25 06:00:00
683,0.0,0.0,0.0,0.0,0.0,0.0,2009-08-25 09:00:00
684,0.0,0.0,0.0,0.0,0.0,0.0,2009-08-25 12:00:00
685,0.0,0.0,0.0,0.0,0.0,0.0,2009-08-25 15:00:00
686,0.0,0.0,0.0,0.0,0.0,0.0,2009-08-25 18:00:00
687,0.0,0.0,0.0,0.0,0.0,0.0,2009-08-25 21:00:00
688,0.0,0.0,0.0,0.0,0.0,0.0,2009-08-26 00:00:00
689,0.0,0.0,0.0,0.0,0.0,0.0,2009-08-26 03:00:00
690,0.0,0.0,0.0,0.0,0.0,0.0,2009-08-26 06:00:00
691,0.0,0.0,0.0,0.0,0.0,0.0,2009-08-26 09:00:00
692,0.0,0.0,0.0,0.0,0.0,0.0,2009-08-26 12:00:00
693,0.0,0.0,0.0,0.0,0.0,0.0,2009-08-26 15:00:00
694,0.0,0.0,0.0,0.0,0.0,0.0,2009-08-26 18:00:00
695,0.0,0.0,0.0,0.0,0.0,0.0,2009-08-26 21:00:00
696,0.0,0.0,0.0,0.0,0.0,0.0,2009-08-27 00:00:00
697,0.0,0.0,0.0,0.0,0.0,0.0,2009-08-27 03:00:00
698,0.0,0.0,0.0,0.0,0.0,0.0,2009-08-27 06:00:00
699,0.0,0.0,0.0,0.0,0.0,0.0,2009-08-27 09:00:00
700,0.0,0.0,0.0,0.0,0.0,0.0,2009-08-27 12:00:00
701,0.0,0.0,0.0,0.0,0.0,0.0,2009-08-27 15:00:00
702,0.0,0.0,0.0,0.0,0.0,0.0,2009-08-27 18:00:00
703,0.0,0.0,0.0,0.0,0.0,0.0,2009-08-27 21:00:00
704,0.0,0.0,0.0,0.0,0.0,0.0,2009-08-28 00:00:00
705,0.0,0.0,0.0,0.0,0.0,0.0,2009-08-28 03:00:00
706,0.0,0.0,0.0,0.0,0.0,0.0,2009-08-28 06:00:00
707,0.0,0.0,0.0,0.0,0.0,0.0,2009-08-28 09:00:00
708,0.0,0.0,0.0,0.0,0.0,0.0,2009-08-28 12:00:00
709,0.0,0.0,0.0,0.0,0.0,0.0,2009-08-28 15:00:00
710,0.0,0.0,0.0,0.0,0.0,0.0,2009-08-28 18:00:00
711,0.0,0.0,0.0,0.0,0.0,0.0,2009-08-28 21:00:00
712,0.0,0.0,0.0,0.0,0.0,0.0,2009-08-29 00:00:00
713,0.0,0.0,0.0,0.0,0.0,0.0,2009-08-29 03:00:00
714,0.0,0.0,0.0,0.0,0.0,0.0,2009-08-29 06:00:00
715,0.0,0.0,0.0,0.0,0.0,0.0,2009-08-29 09:00:00
716,0.0,0.0,0.0,0.0,0.0,0.0,2009-08-29 12:00:00
717,0.0,0.0,0.0,0.0,0.0,0.0,2009-08-29 15:00:00
718,0.0,0.0,0.0,0.0,0.0,0.0,2009-08-29 18:00:00
719,0.0,0.0,0.0,0.0,0.0,0.0,2009-08-29 21:00:00
720,0.0,0.0,0.0,0.0,0.0,0.0,2009-08-30 00:00:00
721,0.0,0.0,0.0,0.0,0.0,0.0,2009-08-30 03:00:00
722,0.0,0.0,0.0,0.0,0.0,0.0,2009-08-30 06:00:00
723,0.0,0.0,0.0,0.0,0.0,0.0,2009-08-30 09:00:00
724,0.0,0.0,0.0,0.0,0.0,0.0,2009-08-30 12:00:00
725,0.0,0.0,0.0,0.0,0.0,0.0,2009-08-30 15:00:00
726,0.0,0.0,0.0,0.0,0.0,0.0,2009-08-30 18:00:00
727,0.0,0.0,0.0,0.0,0.0,0.0,2009-08-30 21:00:00
728,0.0,0.0,0.0,0.0,0.0,0.0,2009-08-31 00:00:00
729,0.0,0.0,0.0,0.0,0.0,0.0,2009-08-31 03:00:00
730,0.0,0.0,0.0,0.0,0.0,0.0,2009-08-31 06:00:00
731,0.0,0.0,0.0,0.0,0.0,0.0,2009-08-31 09:00:00
732,0.0,0.0,0.0,0.0,0.0,0.0,2009-08-31 12:00:00
733,0.0,0.0,0.0,0.0,0.0,0.0,2009-08-31 15:00:00
734,0.0,0.0,0.0,0.0,0.0,0.0,2009-08-31 18:00:00
735,0.0,0.0,0.0,0.0,0.0,0.0,2009-08-31 21:00:00
736,0.0,0.0,0.0,0.0,0.0,0.0,2009-09-01 00:00:00
737,0.0,0.0,0.0,0.0,0.0,0.0,2009-09-01 03:00:00
738,0.0,0.0,0.0,0.0,0.0,0.0,2009-09-01 06:00:00
739,0.0,0.0,0.0,0.0,0.0,0.0,2009-09-01 09:00:00
740,0.0,0.0,0.0,0.0,0.0,0.0,2009-09-01 12:00:00
741,0.0,0.0,0.0,0.0,0.0,0.0,2009-09-01 15:00:00
742,0.0,0.0,0.0,0.0,0.0,0.0,2009-09-01 18:00:00
743,0.0,0.0,0.0,0.0,0.0,0.0,2009-09-01 21:00:00
744,0.0,0.0,0.0,0.0,0.0,0.0,2009-09-02 00:00:00
745,0.0,0.0,0.0,0.0,0.0,0.0,2009-09-02 03:00:00
746,0.0,0.0,0.0,0.0,0.0,0.0,2009-09-02 06:00:00
747,0.0,0.0,0.0,0.0,0.0,0.0,2009-09-02 09:00:00
748,0.0,0.0,0.0,0.0,0.0,0.0,2009-09-02 12:00:00
749,0.0,0.0,0.0,0.0,0.0,0.0,2009-09-02 15:00:00
750,0.0,0.0,0.0,0.0,0.0,0.0,2009-09-02 18:00:00
751,0.0,0.0,0.0,0.0,0.0,0.0,2009-09-02 21:00:00
752,0.0,0.0,0.0,0.0,0.0,0.0,2009-09-03 00:00:00
753,0.0,0.0,0.0,0.0,0.0,0.0,2009-09-03 03:00:00
754,0.0,0.0,0.0,0.0,0.0,0.0,2009-09-03 06:00:00
755,0.0,0.0,0.0,0.0,0.0,0.0,2009-09-03 09:00:00
756,0.0,0.0,0.0,0.0,0.0,0.0,2009-09-03 12:00:00
757,0.0,0.0,0.0,0.0,0.0,0.0,2009-09-03 15:00:00
758,0.0,0.0,0.0,0.0,0.0,0.0,2009-09-03 18:00:00
759,0.0,0.0,0.0,0.0,0.0,0.0,2009-09-03 21:00:00
760,0.0,0.0,0.0,0.0,0.0,0.0,2009-09-04 00:00:00
761,0.0,0.0,0.0,0.0,0.0,0.0,2009-09-04 03:00:00
762,0.0,0.0,0.0,0.0,0.0,0.0,2009-09-04 06:00:00
763,0.0,0.0,0.0,0.0,0.0,0.0,2009-09-04 09:00:00
764,0.0,0.0,0.0,0.0,0.0,0.0,2009-09-04 12:00:00
765,0.0,0.0,0.0,0.0,0.0,0.0,2009-09-04 15:00:00
766,0.0,0.0,0.0,0.0,0.0,0.0,2009-09-04 18:00:00
767,0.0,0.0,0.0,0.0,0.0,0.0,2009-09-04 21:00:00
768,0.0,0.0,0.0,0.0,0.0,0.0,2009-09-05 00:00:00
769,0.0,0.0,0.0,0.0,0.0,0.0,2009-09-05 03:00:00
770,0.0,0.0,0.0,0.0,0.0,0.0,2009-09-05 06:00:00
771,0.0,0.0,0.0,0.0,0.0,0.0,2009-09-05 09:00:00
772,0.0,0.0,0.0,0.0,0.0,0.0,2009-09-05 12:00:00
773,0.0,0.0,0.0,0.0,0.0,0.0,2009-09-05 15:00:00
774,0.0,0.0,0.0,0.0,0.0,0.0,2009-09-05 18:00:00
775,0.0,0.0,0.0,0.0,0.0,0.0,2009-09-05 21:00:00
776,0.0,0.0,0.0,0.0,0.0,0.0,2009-09-06 00:00:00
777,0.0,0.0,0.0,0.0,0.0,0.0,2009-09-06 03:00:00
778,0.0,0.0,0.0,0.0,0.0,0.0,2009-09-06 06:00:00
779,0.0,0.0,0.0,0.0,0.0,0.0,2009-09-06 09:00:00
780,0.0,0.0,0.0,0.0,0.0,0.0,2009-09-06 12:00:00
781,0.0,0.0,0.0,0.0,0.0,0.0,2009-09-06 15:00:00
782,0.0,0.0,0.0,0.0,0.0,0.0,2009-09-06 18:00:00
783,0.0,0.0,0.0,0.0,0.0,0.0,2009-09-06 21:00:00
784,0.0,0.0,0.0,0.0,0.0,0.0,2009-09-07 00:00:00
785,0.0,0.0,0.0,0.0,0.0,0.0,2009-09-07 03:00:00
786,0.0,0.0,0.0,0.0,0.0,0.0,2009-09-07 06:00:00
787,0.0,0.0,0.0,0.0,0.0,0.0,2009-09-07 09:00:00
788,0.0,0.0,0.0,0.0,0.0,0.0,2009-09-07 12:00:00
789,0.0,0.0,0.0,0.0,0.0,0.0,2009-09-07 15:00:00
790,0.0,0.0,0.0,0.0,0.0,0.0,2009-09-07 18:00:00
791,0.0,0.0,0.0,0.0,0.0,0.0,2009-09-07 21:00:00
792,0.0,0.0,0.0,0.0,0.0,0.0,2009-09-08 00:00:00
793,0.0,0.0,0.0,0.0,0.0,0.0,2009-09-08 03:00:00
794,0.0,0.0,0.0,0.0,0.0,0.0,2009-09-08 06:00:00
795,0.0,0.0,0.0,0.0,0.0,0.0,2009-09-08 09:00:00
796,0.0,0.0,0.0,0.0,0.0,0.0,2009-09-08 12:00:00
797,0.0,0.0,0.0,0.0,0.0,0.0,2009-09-08 15:00:00
798,0.0,0.0,0.0,0.0,0.0,0.0,2009-09-08 18:00:00
799,0.0,0.0,0.0,0.0,0.0,0.0,2009-09-08 21:00:00
800,0.0,0.0,0.0,0.0,0.0,0.0,2009-09-09 00:00:00
801,0.0,0.0,0.0,0.0,0.0,0.0,2009-09-09 03:00:00
802,0.0,0.0,0.0,0.0,0.0,0.0,2009-09-09 06:00:00
803,0.0,0.0,0.0,0.0,0.0,0.0,2009-09-09 09:00:00
804,0.0,0.0,0.0,0.0,0.0,0.0,2009-09-09 12:00:00
805,0.0,0.0,0.0,0.0,0.0,0.0,2009-09-09 15:00:00
806,0.0,0.0,0.0,0.0,0.0,0.0,2009-09-09 18:00:00
807,0.0,0.0,0.0,0.0,0.0,0.0,2009-09-09 21:00:00
808,0.0,0.0,0.0,0.0,0.0,0.0,2009-09-10 00:00:00
809,0.0,0.0,0.0,0.0,0.0,0.0,2009-09-10 03:00:00
810,0.0,0.0,0.0,0.0,0.0,0.0,2009-09-10 06:00:00
811,0.0,0.0,0.0,0.0,0.0,0.0,2009-09-10 09:00:00
812,0.0,0.0,0.0,0.0,0.0,0.0,2009-09-10 12:00:00
813,0.0,0.0,0.0,0.0,0.0,0.0,2009-09-10 15:00:00
814,0.0,0.0,0.0,0.0,0.0,0.0,2009-09-10 18:00:00
815,0.0,0.0,0.0,0.0,0.0,0.0,2009-09-10 21:00:00
816,0.0,0.0,0.0,0.0,0.0,0.0,2009-09-11 00:00:00
817,0.0,0.0,0.0,0.0,0.0,0.0,2009-09-11 03:00:00
818,0.0,0.0,0.0,0.0,0.0,0.0,2009-09-11 06:00:00
819,0.0,0.0,0.0,0.0,0.0,0.0,2009-09-11 09:00:00
820,0.0,0.0,0.0,0.0,0.0,0.0,2009-09-11 12:00:00
821,0.0,0.0,0.0,0.0,0.0,0.0,2009-09-11 15:00:00
822,0.0,0.0,0.0,0.0,0.0,0.0,2009-09-11 18:00:00
823,0.0,0.0,0.0,0.0,0.0,0.0,2009-09-11 21:00:00
824,0.0,0.0,0.0,0.0,0.0,0.0,2009-09-12 00:00:00
825,0.0,0.0,0.0,0.0,0.0,0.0,2009-09-12 03:00:00
826,0.0,0.0,0.0,0.0,0.0,0.0,2009-09-12 06:00:00
827,0.0,0.0,0.0,0.0,0.0,0.0,2009-09-12 09:00:00
828,0.0,0.0,0.0,0.0,0.0,0.0,2009-09-12 12:00:00
829,0.0,0.0,0.0,0.0,0.0,0.0,2009-09-12 15:00:00
830,0.0,0.0,0.0,0.0,0.0,0.0,2009-09-12 18:00:00
831,0.0,0.0,0.0,0.0,0.0,0.0,2009-09-12 21:00:00
832,0.0,0.0,0.0,0.0,0.0,0.0,2009-09-13 00:00:00
833,0.0,0.0,0.0,0.0,0.0,0.0,2009-09-13 03:00:00
834,0.0,0.0,0.0,0.0,0.0,0.0,2009-09-13 06:00:00
835,0.0,0.0,0.0,0.0,0.0,0.0,2009-09-13 09:00:00
836,0.0,0.0,0.0,0.0,0.0,0.0,2009-09-13 12:00:00
837,0.0,0.0,0.0,0.0,0.0,0.0,2009-09-13 15:00:00
838,0.0,0.0,0.0,0.0,0.0,0.0,2009-09-13 18:00:00
839,0.0,0.0,0.0,0.0,0.0,0.0,2009-09-13 21:00:00
840,0.0,0.0,0.0,0.0,0.0,0.0,2009-09-14 00:00:00
841,0.0,0.0,0.0,0.0,0.0,0.0,2009-09-14 03:00:00
842,0.0,0.0,0.0,0.0,0.0,0.0,2009-09-14 06:00:00
843,0.0,0.0,0.0,0.0,0.0,0.0,2009-09-14 09:00:00
844,0.0,0.0,0.0,0.0,0.0,0.0,2009-09-14 12:00:00
845,0.0,0.0,0.0,0.0,0.0,0.0,2009-09-14 15:00:00
846,0.0,0.0,0.0,0.0,0.0,0.0,2009-09-14 18:00:00
847,0.0,0.0,0.0,0.0,0.0,0.0,2009-09-14 21:00:00
848,0.0,0.0,0.0,0.0,0.0,0.0,2009-09-15 00:00:00
849,0.0,0.0,0.0,0.0,0.0,0.0,2009-09-15 03:00:00
850,0.0,0.0,0.0,0.0,0.0,0.0,2009-09-15 06:00:00
851,0.0,0.0,0.0,0.0,0.0,0.0,2009-09-15 09:00:00
852,0.0,0.0,0.0,0.0,0.0,0.0,2009-09-15 12:00:00
853,0.0,0.0,0.0,0.0,0.0,0.0,2009-09-15 15:00:00
854,0.0,0.0,0.0,0.0,0.0,0.0,2009-09-15 18:00:00
855,0.0,0.0,0.0,0.0,0.0,0.0,2009-09-15 21:00:00
856,0.0,0.0,0.0,0.0,0.0,0.0,2009-09-16 00:00:00
857,0.0,0.0,0.0,0.0,0.0,0.0,2009-09-16 03:00:00
858,0.0,0.0,0.0,0.0,0.0,0.0,2009-09-16 06:00:00
859,0.0,0.0,0.0,0.0,0.0,0.0,2009-09-16 09:00:00
860,0.0,0.0,0.0,0.0,0.0,0.0,2009-09-16 12:00:00
861,0.0,0.0,0.0,0.0,0.0,0.0,2009-09-16 15:00:00
862,0.0,0.0,0.0,0.0,0.0,0.0,2009-09-16 18:00:00
863,0.0,0.0,0.0,0.0,0.0,0.0,2009-09-16 21:00:00
864,0.0,0.0,0.0,0.0,0.0,0.0,2009-09-17 00:00:00
865,0.0,0.0,0.0,0.0,0.0,0.0,2009-09-17 03:00:00
866,0.0,0.0,0.0,0.0,0.0,0.0,2009-09-17 06:00:00
867,0.0,0.0,0.0,0.0,0.0,0.0,2009-09-17 09:00:00
868,0.0,0.0,0.0,0.0,0.0,0.0,2009-09-17 12:00:00
869,0.0,0.0,0.0,0.0,0.0,0.0,2009-09-17 15:00:00
870,0.0,0.0,0.0,0.0,0.0,0.0,2009-09-17 18:00:00
871,0.0,0.0,0.0,0.0,0.0,0.0,2009-09-17 21:00:00
872,0.0,0.0,0.0,0.0,0.0,0.0,2009-09-18 00:00:00
873,1.01317301136831e-15,5.043238186414311e-16,5.042256122312853e-16,8.276124593076592e-08,7.545997122197915e-16,1.2999211753818752e-08,2009-09-18 03:00:00
874,9.478833087010998e-16,5.044828412822231e-16,5.044093427603893e-16,9.400446702395652e-07,7.310136123268052e-16,1.4765170471582579e-07,2009-09-18 06:00:00
875,4.0449304526204294e-10,5.045778029138641e-16,5.044189841317903e-16,1.044034842674531e-06,7.266008072635134e-16,1.6401769605140745e-07,2009-09-18 09:00:00
876,4.264492398905022e-09,5.046917707381226e-16,5.044388557386938e-16,4.892261425749328e-07,8.538034307359128e-16,7.718352791205157e-08,2009-09-18 12:00:00
877,2.675753366301508e-08,5.04909581679238e-16,5.044693932115287e-16,1.1854894805675528e-07,1.0319752911699585e-15,2.0762179261587327e-08,2009-09-18 15:00:00
878,2.7006018181124426e-07,5.054818957527623e-16,5.046566635328529e-16,2.5272476575978697e-08,1.0888110706119695e-15,2.558677499273307e-08,2009-09-18 18:00:00
879,5.938724471012746e-07,5.059759799683884e-16,6.885498368073342e-16,1.779537627413026e-08,1.1056146343879317e-15,5.033225487686531e-08,2009-09-18 21:00:00
880,4.888458706688561e-07,5.059025418644247e-16,5.034762168437057e-14,2.3969844477115632e-08,2.3682214310579443e-15,4.289511447594624e-08,2009-09-19 00:00:00
881,3.0032512295006453e-07,5.056998712363528e-16,2.4598636171945037e-12,9.916108046921422e-09,1.4962646689075567e-14,2.55977205899151e-08,2009-09-19 03:00:00
882,2.0075037083451694e-07,5.061915628823422e-16,1.6731642237928028e-09,2.452267671886346e-09,1.6524415687570334e-14,1.669762963452675e-08,2009-09-19 06:00:00
883,1.4735542559359533e-07,5.071411282636353e-16,2.4760415745937676e-09,5.945518633794843e-10,1.6783634187449076e-14,1.2248471706020139e-08,2009-09-19 09:00:00
884,1.0678562662811986e-07,5.094547571111952e-16,1.2674464507735823e-09,2.0603303475988814e-10,2.8125650563245036e-14,8.764346730674633e-09,2009-09-19 12:00:00
885,7.303610371050265e-08,5.139949408349214e-16,1.068258750403697e-09,3.5286782775571423e-11,3.184039641862454e-14,6.007063411788107e-09,2009-09-19 15:00:00
886,5.213145661447701e-08,5.217292350012567e-16,6.504242887664231e-10,1.2265016982695114e-11,4.775686054522784e-13,4.269540662296944e-09,2009-09-19 18:00:00
887,3.761387858514176e-08,8.259157592683611e-16,8.369496185886362e-10,1.5504492568340134e-11,1.3506122502074647e-12,3.1353852007126417e-09,2009-09-19 21:00:00
888,2.4947744075919782e-08,5.6476522068951245e-15,1.7147688845243612e-09,2.4498743764242932e-11,1.6036992646031512e-12,2.250590196637852e-09,2009-09-20 00:00:00
889,1.5657922954237353e-08,5.0012178807860985e-14,2.5046227629435163e-09,3.238614399256756e-11,5.452566018344343e-12,1.6243479375454962e-09,2009-09-20 03:00:00
890,1.6399143542591945e-08,1.7505145218144587e-13,3.3854540841607124e-09,5.90990251302094e-11,6.409990272193136e-12,1.8162440000658764e-09,2009-09-20 06:00:00
891,3.2846454861434096e-08,2.7204480596704457e-13,4.9212783765136e-09,1.1013633219483228e-10,3.25357431501534e-12,3.362937232685333e-09,2009-09-20 09:00:00
892,3.4503527140093645e-08,2.8166185352308445e-13,1.087580117887667e-08,1.6006708403989432e-10,3.5429508446538574e-12,4.368923186043701e-09,2009-09-20 12:00:00
893,5.322443710113531e-08,2.3787405710476353e-13,1.2114107421871095e-08,4.6527193647669144e-10,5.94770905294696e-12,6.096187792610807e-09,2009-09-20 15:00:00
894,9.519050999766711e-07,1.1036343131829591e-13,9.805357023763212e-09,7.074172099601995e-10,3.614778669496714e-12,7.773370433270825e-08,2009-09-20 18:00:00
895,6.749333048989011e-06,3.4438496726946114e-13,7.502742767245125e-09,6.9773928581790756e-09,2.3823647248957335e-12,5.424447952150012e-07,2009-09-20 21:00:00
896,8.114040045277472e-06,1.2752303789143883e-12,7.548707280793432e-09,1.1413033913625861e-06,2.6977117781246857e-12,8.298584125047813e-07,2009-09-21 00:00:00
897,5.613662555924247e-06,4.421725249682719e-11,8.266046635587953e-09,5.70727505356637e-07,4.385890834841738e-12,5.402055335613552e-07,2009-09-21 03:00:00
898,3.926936229957478e-06,2.3784261747517166e-10,7.862165494424337e-09,1.0413564035407677e-06,3.129026579056282e-12,4.79084840165258e-07,2009-09-21 06:00:00
899,2.8030881717159985e-06,3.3356605757452244e-10,7.1482464034734006e-09,2.5814354002174156e-06,1.8079189537512142e-12,6.309357734960123e-07,2009-09-21 09:00:00
900,1.9827669676842993e-06,2.974394911607215e-10,7.178870502431467e-09,1.9638200486091794e-06,1.2480793466490712e-12,4.68262268899013e-07,2009-09-21 12:00:00
901,1.4536893100714861e-06,3.4632391854098793e-11,5.295443812879121e-09,2.5984003553595122e-06,9.762333518411686e-13,5.252657217162235e-07,2009-09-21 15:00:00
902,4.106386049088418e-06,8.892009231670115e-12,2.851674050230773e-09,6.531075618017302e-06,1.2409758495890254e-12,1.354945164982164e-06,2009-09-21 18:00:00
903,1.3205388743838423e-05,3.975088428668606e-12,3.8202319337291315e-09,1.1644813071065942e-05,1.0944849616152843e-12,2.8866367991969e-06,2009-09-21 21:00:00
904,1.0060891156817026e-05,9.67632031601087e-12,4.2638704876677976e-08,3.7079873649876406e-06,4.813919402997027e-13,1.3939516007883307e-06,2009-09-22 00:00:00
905,9.410691828009905e-06,8.196638960314668e-11,1.2478133678010934e-07,1.7282253330289557e-06,3.460441963629247e-14,1.0429001795538623e-06,2009-09-22 03:00:00
906,1.8616090937794217e-05,1.746804137529671e-10,2.0708354718380594e-07,8.041136983316861e-07,8.30575437144342e-14,1.6465863924717944e-06,2009-09-22 06:00:00
907,2.102292278606196e-05,1.8889564887219869e-10,3.3689521656506687e-07,1.0528656268141598e-07,2.1517843597778734e-13,1.7483446480662683e-06,2009-09-22 09:00:00
908,2.1798670688022986e-05,1.4607608887984407e-10,4.0897229049611915e-07,9.314905217395328e-10,4.728802359935944e-13,1.8045082461533228e-06,2009-09-22 12:00:00
909,2.215017893252013e-05,1.905555128921043e-10,3.6672730163883617e-07,1.812275563159884e-09,5.314846956620201e-13,1.8266516058741258e-06,2009-09-22 15:00:00
910,1.51658266175444e-05,2.679153875703587e-10,4.6008976911049804e-07,1.515704867498621e-09,5.453368000982842e-13,1.2811190603535177e-06,2009-09-22 18:00:00
911,6.657303099308437e-06,2.0890549419376276e-08,2.02049511220725e-06,2.5766032060946235e-12,9.923306519411106e-13,8.301238606377201e-07,2009-09-22 21:00:00
912,4.574697542139701e-05,4.627475333317757e-06,4.313795195900117e-05,2.834082751427369e-12,1.8308025131250005e-12,1.0723146244762703e-05,2009-09-23 00:00:00
913,0.0003389073335238871,8.894322208326324e-05,0.00012419071848963816,5.670700461937423e-13,3.70565279697728e-12,6.039623694841737e-05,2009-09-23 03:00:00
914,0.0006068599532075941,0.00017990765720321016,0.00011813732401445662,3.5082705438532674e-13,6.3821650003143e-12,9.652956744767729e-05,2009-09-23 06:00:00
915,0.0008245656358727448,0.0001623266629166653,7.709725317301316e-05,2.975068059352144e-14,1.0122438151628047e-11,0.00010498331781018269,2009-09-23 09:00:00
916,0.0009030095170232186,0.00016354485521840643,4.452129862377431e-05,6.228159724328274e-15,1.8057310419922747e-11,0.00010673660789441013,2009-09-23 12:00:00
917,0.0009659840560053717,0.00019428996055811438,1.9339974337421375e-05,5.463112827734885e-15,7.485775685861743e-11,0.00011337880233125124,2009-09-23 15:00:00
918,0.0010543497478504463,0.00015562658096021783,5.008686222625405e-06,4.5292814577423004e-15,2.1229596590706395e-10,0.00011175462994877889,2009-09-23 18:00:00
919,0.0010675058847577177,0.0001227453422244209,1.4662073453609907e-06,4.286726781116619e-15,5.391819945091136e-10,0.00010666735972994753,2009-09-23 21:00:00
920,0.0008866257744214616,0.0001069215922671928,6.195426713552194e-07,3.809015060251378e-15,9.687621878644528e-10,8.93590844092105e-05,2009-09-24 00:00:00
921,0.000721942572623599,0.00011221849555052774,2.593844685140927e-07,3.3414417053035874e-15,1.948798501551946e-09,7.703258025695124e-05,2009-09-24 03:00:00
922,0.0007091816815386034,0.0001049582102769958,1.0498292989991637e-07,3.850751051595845e-15,2.2928377859278043e-09,7.47468214195213e-05,2009-09-24 06:00:00
923,0.0007145686164523196,8.145999626968388e-05,2.275394271892413e-08,4.615693200599315e-15,4.3421173705121794e-09,7.114475157329125e-05,2009-09-24 09:00:00
924,0.0006755239640104363,5.500848809418516e-05,1.0970099833569278e-08,4.555808747052581e-15,7.549816695058326e-09,6.349060663784558e-05,2009-09-24 12:00:00
925,0.0005854735463310641,3.606905140597215e-05,3.5235556700781468e-09,4.2051522290671086e-15,9.884643338580064e-09,5.30409402151381e-05,2009-09-24 15:00:00
926,0.0004840836708733249,2.631757383595035e-05,2.2732317417723047e-09,4.330575300654081e-15,9.856227321443505e-09,4.32560515861517e-05,2009-09-24 18:00:00
927,0.00039195619751978704,1.8866154313607243e-05,9.83600446606297e-10,4.914236332346938e-15,8.792111196259063e-09,3.460615731917854e-05,2009-09-24 21:00:00
928,0.00035022820670389863,1.4266203386449335e-05,7.788886340317067e-10,1.0166228924637722e-13,1.2246488446357752e-08,3.048131761387267e-05,2009-09-25 00:00:00
929,0.0002953373992855194,9.228406811640752e-06,5.181172903398568e-10,3.294676191459902e-11,1.843681934373273e-08,2.5228357634414924e-05,2009-09-25 03:00:00
930,0.00026607343704617103,6.257040787671174e-06,4.0067895024617084e-10,5.772331226217251e-11,1.6088846052127695e-08,2.2376175404422216e-05,2009-09-25 06:00:00
931,0.00025654507995190003,4.2761083881441014e-06,1.5511858734242485e-10,3.6126311424975205e-11,1.2984327326462683e-08,2.1273812042052474e-05,2009-09-25 09:00:00
932,0.0002708440755726435,3.217985556647883e-06,1.0717076093780606e-10,5.389044718336597e-13,2.9438511572716337e-08,2.2243382580048808e-05,2009-09-25 12:00:00
933,0.00027319336204495036,2.1921974649967203e-06,1.0955072129297e-09,1.156311097746657e-14,2.2412560505546108e-08,2.2253835274019613e-05,2009-09-25 15:00:00
934,0.00026209447613241105,1.311274229365647e-06,1.021898110459209e-08,7.904403400865514e-15,3.3696186311910386e-08,2.1219478000385267e-05,2009-09-25 18:00:00
935,0.0002451466137128923,7.42669733574749e-07,1.0630163700199126e-07,7.165589794080037e-15,1.043314494926622e-07,1.980367555987628e-05,2009-09-25 21:00:00
936,0.00021460186888943667,1.889504330669154e-07,1.3895492485220056e-06,1.5422934947507527e-14,1.3693937752407268e-07,1.7462079942240283e-05,2009-09-26 00:00:00
937,0.00017625217137362016,2.689103562195916e-07,6.875586461007489e-06,2.720161496518396e-13,2.080980250496172e-07,1.5228142888187111e-05,2009-09-26 03:00:00
938,0.0001405268051823411,8.116994595249626e-07,1.532102289751808e-05,1.3356723057764349e-12,3.194730910843012e-07,1.3726667737994421e-05,2009-09-26 06:00:00
939,0.00013120434160047802,2.9668539742773622e-06,1.7172892665973367e-05,2.1487996671922225e-12,3.520159076302124e-07,1.3629836170046233e-05,2009-09-26 09:00:00
940,0.00014199868599540038,8.68063331840955e-06,8.006782779544815e-06,6.829598171675618e-12,2.923039736923347e-07,1.411853444930446e-05,2009-09-26 12:00:00
941,0.0009938422477410325,8.208571465458638e-06,2.3894623036925946e-06,2.3154945216323535e-12,2.784744814366853e-07,8.140225887360179e-05,2009-09-26 15:00:00
942,0.004776326607147732,5.516092339818312e-06,7.352730867751048e-07,1.7566003104937568e-12,3.0274264911017357e-07,0.0003834797249733435,2009-09-26 18:00:00
943,0.00686630283615338,5.720425624897429e-06,5.55391301126637e-07,1.1509598968637989e-11,2.7514094417389766e-07,0.0005507719296183097,2009-09-26 21:00:00
944,0.00496133544838468,7.702135912050316e-06,6.659663638777597e-07,2.260302272692096e-11,3.2922749754229587e-07,0.00039865799875025965,2009-09-27 00:00:00
945,0.0028417189588562644,9.704072617852568e-06,8.509002624014302e-07,1.8758996447598826e-11,4.85536610376703e-07,0.00022941524714706934,2009-09-27 03:00:00
946,0.0018986276385727651,1.0384196959128094e-05,8.958549671163636e-07,1.2450287906108687e-10,6.279216241213286e-07,0.00015409801222070763,2009-09-27 06:00:00
947,0.0014908650127917764,9.645647314987634e-06,5.92785928082825e-07,2.691215089220729e-10,7.237040840806934e-07,0.00012132308327492693,2009-09-27 09:00:00
948,0.001285190628019315,8.08833686636298e-06,3.800280973585984e-07,2.569891625398751e-10,7.30699054412931e-07,0.00010456579433852544,2009-09-27 12:00:00
949,0.0011557421091659339,5.832315587258559e-06,2.4579532682761416e-07,8.457186676289273e-11,6.776826583690662e-07,9.378031690139595e-05,2009-09-27 15:00:00
950,0.001104031525251246,3.7502702771492836e-06,2.6753888969187654e-07,1.010289895551942e-11,6.860357239823644e-07,8.929092005011023e-05,2009-09-27 18:00:00
951,0.0011208473797270475,2.519155574915241e-06,2.3822400258382282e-07,1.5178206261708312e-12,7.200525473565225e-07,9.043347125389141e-05,2009-09-27 21:00:00
952,0.0011309665165750104,1.8646012036580196e-06,2.2947656784230674e-07,1.9150673423970905e-12,8.51438284155738e-07,9.117484689900858e-05,2009-09-28 00:00:00
953,0.0011089512071454429,1.2497810635814806e-06,2.9380075825701626e-07,2.5246785557338598e-12,1.0336624926906932e-06,8.9377976946999e-05,2009-09-28 03:00:00
954,0.0011112702247173818,7.838730745148128e-07,3.646683370495042e-07,6.978813663540341e-12,1.1412020006180893e-06,8.953028344033757e-05,2009-09-28 06:00:00
955,0.0011607879976089747,5.734182371187525e-07,3.195895936968353e-07,2.3918154624540052e-11,1.0588736154769279e-06,9.342444798605357e-05,2009-09-28 09:00:00
956,0.0012012164375994738,4.431723822709321e-07,2.386711937850533e-07,3.1247974965676214e-11,7.678444216211925e-07,9.652634093463338e-05,2009-09-28 12:00:00
957,0.0011798334262401503,3.607742300919955e-07,1.724397807276306e-07,5.0402100246047935e-11,3.809222412192939e-07,9.465790527947402e-05,2009-09-28 15:00:00
958,0.0011310521802132048,2.825125592152591e-07,1.2370148520319771e-07,8.772803010980328e-11,2.2511722040128074e-07,9.067947453461629e-05,2009-09-28 18:00:00
959,0.0010903278495728577,2.209687683404797e-07,1.061697311674529e-07,7.253827464861132e-10,1.9605935327359292e-07,8.73966482867594e-05,2009-09-28 21:00:00
960,0.0010083490301519616,1.9618832916619891e-07,8.416370484160807e-08,4.7700772126214804e-09,1.604915288516207e-07,8.08155931607716e-05,2009-09-29 00:00:00
961,0.0008526629841217324,1.7590567610148662e-07,8.605303201465929e-08,1.5417921449468257e-08,1.5776048999735417e-07,6.835103266035316e-05,2009-09-29 03:00:00
962,0.0007406082678131639,1.594729327152455e-07,1.031164770059945e-07,3.590637296322319e-08,1.3336432417414554e-07,5.9376750768401924e-05,2009-09-29 06:00:00
963,0.0006755831981381749,1.3694785179329152e-07,1.0381547417125796e-07,6.347882446167208e-08,1.0977480163495127e-07,5.4164980399856295e-05,2009-09-29 09:00:00
964,0.0006155381332758817,1.0368272707053317e-07,1.0766146926930243e-07,1.2677985941471455e-07,8.569651215179865e-08,4.935621676951339e-05,2009-09-29 12:00:00
965,0.0005445101849692116,6.078850942902037e-08,9.283075622368689e-08,7.5181857661542e-07,7.39863859638113e-08,4.375515715368165e-05,2009-09-29 15:00:00
966,0.0004600287511354771,3.2481735900531394e-08,8.875441923760707e-08,7.907585228823084e-06,5.6773443134474e-08,3.8104821414716986e-05,2009-09-29 18:00:00
967,0.0003718306857774002,1.4585245740708235e-08,7.03963413295527e-08,1.6975298333320683e-05,3.621148933489019e-08,3.245630803411766e-05,2009-09-29 21:00:00
968,0.0003021024312296638,8.955031766277765e-09,5.871790612501531e-08,2.3966352617533307e-05,1.8738406775351238e-08,2.7963537556609912e-05,2009-09-30 00:00:00
969,0.0,0.0,0.0,0.0,0.0,0.0,2009-09-30 03:00:00
970,0.0,0.0,0.0,0.0,0.0,0.0,2009-09-30 06:00:00
971,0.0,0.0,0.0,0.0,0.0,0.0,2009-09-30 09:00:00
972,0.0,0.0,0.0,0.0,0.0,0.0,2009-09-30 12:00:00
973,0.0,0.0,0.0,0.0,0.0,0.0,2009-09-30 15:00:00
974,0.0,0.0,0.0,0.0,0.0,0.0,2009-09-30 18:00:00
975,0.0,0.0,0.0,0.0,0.0,0.0,2009-09-30 21:00:00
976,0.0,0.0,0.0,0.0,0.0,0.0,2009-10-01 00:00:00
977,0.0,0.0,0.0,0.0,0.0,0.0,2009-10-01 03:00:00
978,0.0,0.0,0.0,0.0,0.0,0.0,2009-10-01 06:00:00
979,0.0,0.0,0.0,0.0,0.0,0.0,2009-10-01 09:00:00
980,0.0,0.0,0.0,0.0,0.0,0.0,2009-10-01 12:00:00
981,0.0,0.0,0.0,0.0,0.0,0.0,2009-10-01 15:00:00
982,0.0,0.0,0.0,0.0,0.0,0.0,2009-10-01 18:00:00
983,0.0,0.0,0.0,0.0,0.0,0.0,2009-10-01 21:00:00
984,0.0,0.0,0.0,0.0,0.0,0.0,2009-10-02 00:00:00
985,0.0,0.0,0.0,0.0,0.0,0.0,2009-10-02 03:00:00
986,0.0,0.0,0.0,0.0,0.0,0.0,2009-10-02 06:00:00
987,0.0,0.0,0.0,0.0,0.0,0.0,2009-10-02 09:00:00
988,0.0,0.0,0.0,0.0,0.0,0.0,2009-10-02 12:00:00
989,0.0,0.0,0.0,0.0,0.0,0.0,2009-10-02 15:00:00
990,0.0,0.0,0.0,0.0,0.0,0.0,2009-10-02 18:00:00
991,0.0,0.0,0.0,0.0,0.0,0.0,2009-10-02 21:00:00
992,0.0,0.0,0.0,0.0,0.0,0.0,2009-10-03 00:00:00
993,0.0,0.0,0.0,0.0,0.0,0.0,2009-10-03 03:00:00
994,0.0,0.0,0.0,0.0,0.0,0.0,2009-10-03 06:00:00
995,0.0,0.0,0.0,0.0,0.0,0.0,2009-10-03 09:00:00
996,0.0,0.0,0.0,0.0,0.0,0.0,2009-10-03 12:00:00
997,0.0,0.0,0.0,0.0,0.0,0.0,2009-10-03 15:00:00
998,0.0,0.0,0.0,0.0,0.0,0.0,2009-10-03 18:00:00
999,0.0,0.0,0.0,0.0,0.0,0.0,2009-10-03 21:00:00
1000,0.0,0.0,0.0,0.0,0.0,0.0,2009-10-04 00:00:00
1001,0.0,0.0,0.0,0.0,0.0,0.0,2009-10-04 03:00:00
1002,0.0,0.0,0.0,0.0,0.0,0.0,2009-10-04 06:00:00
1003,0.0,0.0,0.0,0.0,0.0,0.0,2009-10-04 09:00:00
1004,0.0,0.0,0.0,0.0,0.0,0.0,2009-10-04 12:00:00
1005,0.0,0.0,0.0,0.0,0.0,0.0,2009-10-04 15:00:00
1006,0.0,0.0,0.0,0.0,0.0,0.0,2009-10-04 18:00:00
1007,0.0,0.0,0.0,0.0,0.0,0.0,2009-10-04 21:00:00
1008,0.0,0.0,0.0,0.0,0.0,0.0,2009-10-05 00:00:00
1009,0.0,0.0,0.0,0.0,0.0,0.0,2009-10-05 03:00:00
1010,0.0,0.0,0.0,0.0,0.0,0.0,2009-10-05 06:00:00
1011,0.0,0.0,0.0,0.0,0.0,0.0,2009-10-05 09:00:00
1012,0.0,0.0,0.0,0.0,0.0,0.0,2009-10-05 12:00:00
1013,0.0,0.0,0.0,0.0,0.0,0.0,2009-10-05 15:00:00
1014,0.0,0.0,0.0,0.0,0.0,0.0,2009-10-05 18:00:00
1015,0.0,0.0,0.0,0.0,0.0,0.0,2009-10-05 21:00:00
1016,0.0,0.0,0.0,0.0,0.0,0.0,2009-10-06 00:00:00
1017,0.0,0.0,0.0,0.0,0.0,0.0,2009-10-06 03:00:00
1018,0.0,0.0,0.0,0.0,0.0,0.0,2009-10-06 06:00:00
1019,0.0,0.0,0.0,0.0,0.0,0.0,2009-10-06 09:00:00
1020,0.0,0.0,0.0,0.0,0.0,0.0,2009-10-06 12:00:00
1021,0.0,0.0,0.0,0.0,0.0,0.0,2009-10-06 15:00:00
1022,0.0,0.0,0.0,0.0,0.0,0.0,2009-10-06 18:00:00
1023,0.0,0.0,0.0,0.0,0.0,0.0,2009-10-06 21:00:00
1024,0.0,0.0,0.0,0.0,0.0,0.0,2009-10-07 00:00:00
1025,0.0,0.0,0.0,0.0,0.0,0.0,2009-10-07 03:00:00
1026,0.0,0.0,0.0,0.0,0.0,0.0,2009-10-07 06:00:00
1027,0.0,0.0,0.0,0.0,0.0,0.0,2009-10-07 09:00:00
1028,0.0,0.0,0.0,0.0,0.0,0.0,2009-10-07 12:00:00
1029,0.0,0.0,0.0,0.0,0.0,0.0,2009-10-07 15:00:00
1030,0.0,0.0,0.0,0.0,0.0,0.0,2009-10-07 18:00:00
1031,0.0,0.0,0.0,0.0,0.0,0.0,2009-10-07 21:00:00
1032,0.0,0.0,0.0,0.0,0.0,0.0,2009-10-08 00:00:00
1033,0.0,0.0,0.0,0.0,0.0,0.0,2009-10-08 03:00:00
1034,0.0,0.0,0.0,0.0,0.0,0.0,2009-10-08 06:00:00
1035,0.0,0.0,0.0,0.0,0.0,0.0,2009-10-08 09:00:00
1036,0.0,0.0,0.0,0.0,0.0,0.0,2009-10-08 12:00:00
1037,0.0,0.0,0.0,0.0,0.0,0.0,2009-10-08 15:00:00
1038,0.0,0.0,0.0,0.0,0.0,0.0,2009-10-08 18:00:00
1039,0.0,0.0,0.0,0.0,0.0,0.0,2009-10-08 21:00:00
1040,0.0,0.0,0.0,0.0,0.0,0.0,2009-10-09 00:00:00
1041,0.0,0.0,0.0,0.0,0.0,0.0,2009-10-09 03:00:00
1042,0.0,0.0,0.0,0.0,0.0,0.0,2009-10-09 06:00:00
1043,0.0,0.0,0.0,0.0,0.0,0.0,2009-10-09 09:00:00
1044,0.0,0.0,0.0,0.0,0.0,0.0,2009-10-09 12:00:00
1045,0.0,0.0,0.0,0.0,0.0,0.0,2009-10-09 15:00:00
1046,0.0,0.0,0.0,0.0,0.0,0.0,2009-10-09 18:00:00
1047,0.0,0.0,0.0,0.0,0.0,0.0,2009-10-09 21:00:00
1048,0.0,0.0,0.0,0.0,0.0,0.0,2009-10-10 00:00:00
1049,0.0,0.0,0.0,0.0,0.0,0.0,2009-10-10 03:00:00
1050,0.0,0.0,0.0,0.0,0.0,0.0,2009-10-10 06:00:00
1051,0.0,0.0,0.0,0.0,0.0,0.0,2009-10-10 09:00:00
1052,0.0,0.0,0.0,0.0,0.0,0.0,2009-10-10 12:00:00
1053,0.0,0.0,0.0,0.0,0.0,0.0,2009-10-10 15:00:00
1054,0.0,0.0,0.0,0.0,0.0,0.0,2009-10-10 18:00:00
1055,0.0,0.0,0.0,0.0,0.0,0.0,2009-10-10 21:00:00
1056,0.0,0.0,0.0,0.0,0.0,0.0,2009-10-11 00:00:00
1057,0.0,0.0,0.0,0.0,0.0,0.0,2009-10-11 03:00:00
1058,0.0,0.0,0.0,0.0,0.0,0.0,2009-10-11 06:00:00
1059,0.0,0.0,0.0,0.0,0.0,0.0,2009-10-11 09:00:00
1060,0.0,0.0,0.0,0.0,0.0,0.0,2009-10-11 12:00:00
1061,0.0,0.0,0.0,0.0,0.0,0.0,2009-10-11 15:00:00
1062,0.0,0.0,0.0,0.0,0.0,0.0,2009-10-11 18:00:00
1063,0.0,0.0,0.0,0.0,0.0,0.0,2009-10-11 21:00:00
1064,0.0,0.0,0.0,0.0,0.0,0.0,2009-10-12 00:00:00
1065,0.0,0.0,0.0,0.0,0.0,0.0,2009-10-12 03:00:00
1066,0.0,0.0,0.0,0.0,0.0,0.0,2009-10-12 06:00:00
1067,0.0,0.0,0.0,0.0,0.0,0.0,2009-10-12 09:00:00
1068,0.0,0.0,0.0,0.0,0.0,0.0,2009-10-12 12:00:00
1069,0.0,0.0,0.0,0.0,0.0,0.0,2009-10-12 15:00:00
1070,0.0,0.0,0.0,0.0,0.0,0.0,2009-10-12 18:00:00
1071,0.0,0.0,0.0,0.0,0.0,0.0,2009-10-12 21:00:00
1072,0.0,0.0,0.0,0.0,0.0,0.0,2009-10-13 00:00:00
1073,0.0,0.0,0.0,0.0,0.0,0.0,2009-10-13 03:00:00
1074,0.0,0.0,0.0,0.0,0.0,0.0,2009-10-13 06:00:00
1075,0.0,0.0,0.0,0.0,0.0,0.0,2009-10-13 09:00:00
1076,0.0,0.0,0.0,0.0,0.0,0.0,2009-10-13 12:00:00
1077,0.0,0.0,0.0,0.0,0.0,0.0,2009-10-13 15:00:00
1078,0.0,0.0,0.0,0.0,0.0,0.0,2009-10-13 18:00:00
1079,0.0,0.0,0.0,0.0,0.0,0.0,2009-10-13 21:00:00
1080,0.0,0.0,0.0,0.0,0.0,0.0,2009-10-14 00:00:00
1081,0.0,0.0,0.0,0.0,0.0,0.0,2009-10-14 03:00:00
1082,0.0,0.0,0.0,0.0,0.0,0.0,2009-10-14 06:00:00
1083,0.0,0.0,0.0,0.0,0.0,0.0,2009-10-14 09:00:00
1084,0.0,0.0,0.0,0.0,0.0,0.0,2009-10-14 12:00:00
1085,0.0,0.0,0.0,0.0,0.0,0.0,2009-10-14 15:00:00
1086,0.0,0.0,0.0,0.0,0.0,0.0,2009-10-14 18:00:00
1087,0.0,0.0,0.0,0.0,0.0,0.0,2009-10-14 21:00:00
1088,0.0,0.0,0.0,0.0,0.0,0.0,2009-10-15 00:00:00
1089,0.0,0.0,0.0,0.0,0.0,0.0,2009-10-15 03:00:00
1090,0.0,0.0,0.0,0.0,0.0,0.0,2009-10-15 06:00:00
1091,0.0,0.0,0.0,0.0,0.0,0.0,2009-10-15 09:00:00
1092,0.0,0.0,0.0,0.0,0.0,0.0,2009-10-15 12:00:00
1093,0.0,0.0,0.0,0.0,0.0,0.0,2009-10-15 15:00:00
1094,0.0,0.0,0.0,0.0,0.0,0.0,2009-10-15 18:00:00
1095,0.0,0.0,0.0,0.0,0.0,0.0,2009-10-15 21:00:00
1096,0.0,0.0,0.0,0.0,0.0,0.0,2009-10-16 00:00:00
1097,0.0,0.0,0.0,0.0,0.0,0.0,2009-10-16 03:00:00
1098,0.0,0.0,0.0,0.0,0.0,0.0,2009-10-16 06:00:00
1099,0.0,0.0,0.0,0.0,0.0,0.0,2009-10-16 09:00:00
1100,0.0,0.0,0.0,0.0,0.0,0.0,2009-10-16 12:00:00
1101,0.0,0.0,0.0,0.0,0.0,0.0,2009-10-16 15:00:00
1102,0.0,0.0,0.0,0.0,0.0,0.0,2009-10-16 18:00:00
1103,0.0,0.0,0.0,0.0,0.0,0.0,2009-10-16 21:00:00
1104,0.0,0.0,0.0,0.0,0.0,0.0,2009-10-17 00:00:00
1105,0.0,0.0,0.0,0.0,0.0,0.0,2009-10-17 03:00:00
1106,0.0,0.0,0.0,0.0,0.0,0.0,2009-10-17 06:00:00
1107,0.0,0.0,0.0,0.0,0.0,0.0,2009-10-17 09:00:00
1108,0.0,0.0,0.0,0.0,0.0,0.0,2009-10-17 12:00:00
1109,0.0,0.0,0.0,0.0,0.0,0.0,2009-10-17 15:00:00
1110,0.0,0.0,0.0,0.0,0.0,0.0,2009-10-17 18:00:00
1111,0.0,0.0,0.0,0.0,0.0,0.0,2009-10-17 21:00:00
1112,0.0,0.0,0.0,0.0,0.0,0.0,2009-10-18 00:00:00
1113,0.0,0.0,0.0,0.0,0.0,0.0,2009-10-18 03:00:00
1114,0.0,0.0,0.0,0.0,0.0,0.0,2009-10-18 06:00:00
1115,0.0,0.0,0.0,0.0,0.0,0.0,2009-10-18 09:00:00
1116,0.0,0.0,0.0,0.0,0.0,0.0,2009-10-18 12:00:00
1117,0.0,0.0,0.0,0.0,0.0,0.0,2009-10-18 15:00:00
1118,0.0,0.0,0.0,0.0,0.0,0.0,2009-10-18 18:00:00
1119,0.0,0.0,0.0,0.0,0.0,0.0,2009-10-18 21:00:00
1120,0.0,0.0,0.0,0.0,0.0,0.0,2009-10-19 00:00:00
1121,0.0,0.0,0.0,0.0,0.0,0.0,2009-10-19 03:00:00
1122,0.0,0.0,0.0,0.0,0.0,0.0,2009-10-19 06:00:00
1123,0.0,0.0,0.0,0.0,0.0,0.0,2009-10-19 09:00:00
1124,0.0,0.0,0.0,0.0,0.0,0.0,2009-10-19 12:00:00
1125,0.0,0.0,0.0,0.0,0.0,0.0,2009-10-19 15:00:00
1126,0.0,0.0,0.0,0.0,0.0,0.0,2009-10-19 18:00:00
1127,0.0,0.0,0.0,0.0,0.0,0.0,2009-10-19 21:00:00
1128,0.0,0.0,0.0,0.0,0.0,0.0,2009-10-20 00:00:00
1129,0.0,0.0,0.0,0.0,0.0,0.0,2009-10-20 03:00:00
1130,0.0,0.0,0.0,0.0,0.0,0.0,2009-10-20 06:00:00
1131,0.0,0.0,0.0,0.0,0.0,0.0,2009-10-20 09:00:00
1132,0.0,0.0,0.0,0.0,0.0,0.0,2009-10-20 12:00:00
1133,0.0,0.0,0.0,0.0,0.0,0.0,2009-10-20 15:00:00
1134,0.0,0.0,0.0,0.0,0.0,0.0,2009-10-20 18:00:00
1135,0.0,0.0,0.0,0.0,0.0,0.0,2009-10-20 21:00:00
1136,0.0,0.0,0.0,0.0,0.0,0.0,2009-10-21 00:00:00
1137,0.0,0.0,0.0,0.0,0.0,0.0,2009-10-21 03:00:00
1138,0.0,0.0,0.0,0.0,0.0,0.0,2009-10-21 06:00:00
1139,0.0,0.0,0.0,0.0,0.0,0.0,2009-10-21 09:00:00
1140,0.0,0.0,0.0,0.0,0.0,0.0,2009-10-21 12:00:00
1141,0.0,0.0,0.0,0.0,0.0,0.0,2009-10-21 15:00:00
1142,0.0,0.0,0.0,0.0,0.0,0.0,2009-10-21 18:00:00
1143,0.0,0.0,0.0,0.0,0.0,0.0,2009-10-21 21:00:00
1144,0.0,0.0,0.0,0.0,0.0,0.0,2009-10-22 00:00:00
1145,0.0,0.0,0.0,0.0,0.0,0.0,2009-10-22 03:00:00
1146,0.0,0.0,0.0,0.0,0.0,0.0,2009-10-22 06:00:00
1147,0.0,0.0,0.0,0.0,0.0,0.0,2009-10-22 09:00:00
1148,0.0,0.0,0.0,0.0,0.0,0.0,2009-10-22 12:00:00
1149,0.0,0.0,0.0,0.0,0.0,0.0,2009-10-22 15:00:00
1150,0.0,0.0,0.0,0.0,0.0,0.0,2009-10-22 18:00:00
1151,0.0,0.0,0.0,0.0,0.0,0.0,2009-10-22 21:00:00
1152,0.0,0.0,0.0,0.0,0.0,0.0,2009-10-23 00:00:00
1153,0.0,0.0,0.0,0.0,0.0,0.0,2009-10-23 03:00:00
1154,0.0,0.0,0.0,0.0,0.0,0.0,2009-10-23 06:00:00
1155,0.0,0.0,0.0,0.0,0.0,0.0,2009-10-23 09:00:00
1156,0.0,0.0,0.0,0.0,0.0,0.0,2009-10-23 12:00:00
1157,0.0,0.0,0.0,0.0,0.0,0.0,2009-10-23 15:00:00
1158,0.0,0.0,0.0,0.0,0.0,0.0,2009-10-23 18:00:00
1159,0.0,0.0,0.0,0.0,0.0,0.0,2009-10-23 21:00:00
1160,0.0,0.0,0.0,0.0,0.0,0.0,2009-10-24 00:00:00
1161,0.0,0.0,0.0,0.0,0.0,0.0,2009-10-24 03:00:00
1162,0.0,0.0,0.0,0.0,0.0,0.0,2009-10-24 06:00:00
1163,0.0,0.0,0.0,0.0,0.0,0.0,2009-10-24 09:00:00
1164,0.0,0.0,0.0,0.0,0.0,0.0,2009-10-24 12:00:00
1165,0.0,0.0,0.0,0.0,0.0,0.0,2009-10-24 15:00:00
1166,0.0,0.0,0.0,0.0,0.0,0.0,2009-10-24 18:00:00
1167,0.0,0.0,0.0,0.0,0.0,0.0,2009-10-24 21:00:00
1168,0.0,0.0,0.0,0.0,0.0,0.0,2009-10-25 00:00:00
1169,0.0,0.0,0.0,0.0,0.0,0.0,2009-10-25 03:00:00
1170,0.0,0.0,0.0,0.0,0.0,0.0,2009-10-25 06:00:00
1171,0.0,0.0,0.0,0.0,0.0,0.0,2009-10-25 09:00:00
1172,0.0,0.0,0.0,0.0,0.0,0.0,2009-10-25 12:00:00
1173,0.0,0.0,0.0,0.0,0.0,0.0,2009-10-25 15:00:00
1174,0.0,0.0,0.0,0.0,0.0,0.0,2009-10-25 18:00:00
1175,0.0,0.0,0.0,0.0,0.0,0.0,2009-10-25 21:00:00
1176,0.0,0.0,0.0,0.0,0.0,0.0,2009-10-26 00:00:00
1177,0.0,0.0,0.0,0.0,0.0,0.0,2009-10-26 03:00:00
1178,0.0,0.0,0.0,0.0,0.0,0.0,2009-10-26 06:00:00
1179,0.0,0.0,0.0,0.0,0.0,0.0,2009-10-26 09:00:00
1180,0.0,0.0,0.0,0.0,0.0,0.0,2009-10-26 12:00:00
1181,0.0,0.0,0.0,0.0,0.0,0.0,2009-10-26 15:00:00
1182,0.0,0.0,0.0,0.0,0.0,0.0,2009-10-26 18:00:00
1183,0.0,0.0,0.0,0.0,0.0,0.0,2009-10-26 21:00:00
1184,0.0,0.0,0.0,0.0,0.0,0.0,2009-10-27 00:00:00
1185,0.0,0.0,0.0,0.0,0.0,0.0,2009-10-27 03:00:00
1186,0.0,0.0,0.0,0.0,0.0,0.0,2009-10-27 06:00:00
1187,0.0,0.0,0.0,0.0,0.0,0.0,2009-10-27 09:00:00
1188,0.0,0.0,0.0,0.0,0.0,0.0,2009-10-27 12:00:00
1189,0.0,0.0,0.0,0.0,0.0,0.0,2009-10-27 15:00:00
1190,0.0,0.0,0.0,0.0,0.0,0.0,2009-10-27 18:00:00
1191,0.0,0.0,0.0,0.0,0.0,0.0,2009-10-27 21:00:00
1192,0.0,0.0,0.0,0.0,0.0,0.0,2009-10-28 00:00:00
1193,0.0,0.0,0.0,0.0,0.0,0.0,2009-10-28 03:00:00
1194,0.0,0.0,0.0,0.0,0.0,0.0,2009-10-28 06:00:00
1195,0.0,0.0,0.0,0.0,0.0,0.0,2009-10-28 09:00:00
1196,0.0,0.0,0.0,0.0,0.0,0.0,2009-10-28 12:00:00
1197,0.0,0.0,0.0,0.0,0.0,0.0,2009-10-28 15:00:00
1198,0.0,0.0,0.0,0.0,0.0,0.0,2009-10-28 18:00:00
1199,0.0,0.0,0.0,0.0,0.0,0.0,2009-10-28 21:00:00
1200,0.0,0.0,0.0,0.0,0.0,0.0,2009-10-29 00:00:00
1201,0.0,0.0,0.0,0.0,0.0,0.0,2009-10-29 03:00:00
1202,0.0,0.0,0.0,0.0,0.0,0.0,2009-10-29 06:00:00
1203,0.0,0.0,0.0,0.0,0.0,0.0,2009-10-29 09:00:00
1204,0.0,0.0,0.0,0.0,0.0,0.0,2009-10-29 12:00:00
1205,0.0,0.0,0.0,0.0,0.0,0.0,2009-10-29 15:00:00
1206,0.0,0.0,0.0,0.0,0.0,0.0,2009-10-29 18:00:00
1207,0.0,0.0,0.0,0.0,0.0,0.0,2009-10-29 21:00:00
1208,0.0,0.0,0.0,0.0,0.0,0.0,2009-10-30 00:00:00
1209,0.0,0.0,0.0,0.0,0.0,0.0,2009-10-30 03:00:00
1210,0.0,0.0,0.0,0.0,0.0,0.0,2009-10-30 06:00:00
1211,0.0,0.0,0.0,0.0,0.0,0.0,2009-10-30 09:00:00
1212,0.0,0.0,0.0,0.0,0.0,0.0,2009-10-30 12:00:00
1213,0.0,0.0,0.0,0.0,0.0,0.0,2009-10-30 15:00:00
1214,0.0,0.0,0.0,0.0,0.0,0.0,2009-10-30 18:00:00
1215,0.0,0.0,0.0,0.0,0.0,0.0,2009-10-30 21:00:00
1216,0.0,0.0,0.0,0.0,0.0,0.0,2009-10-31 00:00:00
1217,0.0,0.0,0.0,0.0,0.0,0.0,2009-10-31 03:00:00
1218,0.0,0.0,0.0,0.0,0.0,0.0,2009-10-31 06:00:00
1219,0.0,0.0,0.0,0.0,0.0,0.0,2009-10-31 09:00:00
1220,0.0,0.0,0.0,0.0,0.0,0.0,2009-10-31 12:00:00
1221,0.0,0.0,0.0,0.0,0.0,0.0,2009-10-31 15:00:00
1222,0.0,0.0,0.0,0.0,0.0,0.0,2009-10-31 18:00:00
1223,0.0,0.0,0.0,0.0,0.0,0.0,2009-10-31 21:00:00
1224,0.0,0.0,0.0,0.0,0.0,0.0,2009-11-01 00:00:00
1225,0.0,0.0,0.0,0.0,0.0,0.0,2009-11-01 03:00:00
1226,0.0,0.0,0.0,0.0,0.0,0.0,2009-11-01 06:00:00
1227,0.0,0.0,0.0,0.0,0.0,0.0,2009-11-01 09:00:00
1228,0.0,0.0,0.0,0.0,0.0,0.0,2009-11-01 12:00:00
1229,0.0,0.0,0.0,0.0,0.0,0.0,2009-11-01 15:00:00
1230,0.0,0.0,0.0,0.0,0.0,0.0,2009-11-01 18:00:00
1231,0.0,0.0,0.0,0.0,0.0,0.0,2009-11-01 21:00:00
1232,0.0,0.0,0.0,0.0,0.0,0.0,2009-11-02 00:00:00
1233,0.0,0.0,0.0,0.0,0.0,0.0,2009-11-02 03:00:00
1234,0.0,0.0,0.0,0.0,0.0,0.0,2009-11-02 06:00:00
1235,0.0,0.0,0.0,0.0,0.0,0.0,2009-11-02 09:00:00
1236,0.0,0.0,0.0,0.0,0.0,0.0,2009-11-02 12:00:00
1237,0.0,0.0,0.0,0.0,0.0,0.0,2009-11-02 15:00:00
1238,0.0,0.0,0.0,0.0,0.0,0.0,2009-11-02 18:00:00
1239,0.0,0.0,0.0,0.0,0.0,0.0,2009-11-02 21:00:00
1240,0.0,0.0,0.0,0.0,0.0,0.0,2009-11-03 00:00:00
1241,0.0,0.0,0.0,0.0,0.0,0.0,2009-11-03 03:00:00
1242,0.0,0.0,0.0,0.0,0.0,0.0,2009-11-03 06:00:00
1243,0.0,0.0,0.0,0.0,0.0,0.0,2009-11-03 09:00:00
1244,0.0,0.0,0.0,0.0,0.0,0.0,2009-11-03 12:00:00
1245,0.0,0.0,0.0,0.0,0.0,0.0,2009-11-03 15:00:00
1246,0.0,0.0,0.0,0.0,0.0,0.0,2009-11-03 18:00:00
1247,0.0,0.0,0.0,0.0,0.0,0.0,2009-11-03 21:00:00
1248,0.0,0.0,0.0,0.0,0.0,0.0,2009-11-04 00:00:00
1249,0.0,0.0,0.0,0.0,0.0,0.0,2009-11-04 03:00:00
1250,0.0,0.0,0.0,0.0,0.0,0.0,2009-11-04 06:00:00
1251,0.0,0.0,0.0,0.0,0.0,0.0,2009-11-04 09:00:00
1252,0.0,0.0,0.0,0.0,0.0,0.0,2009-11-04 12:00:00
1253,0.0,0.0,0.0,0.0,0.0,0.0,2009-11-04 15:00:00
1254,0.0,0.0,0.0,0.0,0.0,0.0,2009-11-04 18:00:00
1255,0.0,0.0,0.0,0.0,0.0,0.0,2009-11-04 21:00:00
1256,0.0,0.0,0.0,0.0,0.0,0.0,2009-11-05 00:00:00
1257,0.0,0.0,0.0,0.0,0.0,0.0,2009-11-05 03:00:00
1258,0.0,0.0,0.0,0.0,0.0,0.0,2009-11-05 06:00:00
1259,0.0,0.0,0.0,0.0,0.0,0.0,2009-11-05 09:00:00
1260,0.0,0.0,0.0,0.0,0.0,0.0,2009-11-05 12:00:00
1261,0.0,0.0,0.0,0.0,0.0,0.0,2009-11-05 15:00:00
1262,0.0,0.0,0.0,0.0,0.0,0.0,2009-11-05 18:00:00
1263,0.0,0.0,0.0,0.0,0.0,0.0,2009-11-05 21:00:00
1264,0.0,0.0,0.0,0.0,0.0,0.0,2009-11-06 00:00:00
1265,0.0,0.0,0.0,0.0,0.0,0.0,2009-11-06 03:00:00
1266,0.0,0.0,0.0,0.0,0.0,0.0,2009-11-06 06:00:00
1267,0.0,0.0,0.0,0.0,0.0,0.0,2009-11-06 09:00:00
1268,0.0,0.0,0.0,0.0,0.0,0.0,2009-11-06 12:00:00
1269,0.0,0.0,0.0,0.0,0.0,0.0,2009-11-06 15:00:00
1270,0.0,0.0,0.0,0.0,0.0,0.0,2009-11-06 18:00:00
1271,0.0,0.0,0.0,0.0,0.0,0.0,2009-11-06 21:00:00
1272,0.0,0.0,0.0,0.0,0.0,0.0,2009-11-07 00:00:00
1273,0.0,0.0,0.0,0.0,0.0,0.0,2009-11-07 03:00:00
1274,0.0,0.0,0.0,0.0,0.0,0.0,2009-11-07 06:00:00
1275,0.0,0.0,0.0,0.0,0.0,0.0,2009-11-07 09:00:00
1276,0.0,0.0,0.0,0.0,0.0,0.0,2009-11-07 12:00:00
1277,0.0,0.0,0.0,0.0,0.0,0.0,2009-11-07 15:00:00
1278,0.0,0.0,0.0,0.0,0.0,0.0,2009-11-07 18:00:00
1279,0.0,0.0,0.0,0.0,0.0,0.0,2009-11-07 21:00:00
1280,0.0,0.0,0.0,0.0,0.0,0.0,2009-11-08 00:00:00
1281,0.0,0.0,0.0,0.0,0.0,0.0,2009-11-08 03:00:00
1282,0.0,0.0,0.0,0.0,0.0,0.0,2009-11-08 06:00:00
1283,0.0,0.0,0.0,0.0,0.0,0.0,2009-11-08 09:00:00
1284,0.0,0.0,0.0,0.0,0.0,0.0,2009-11-08 12:00:00
1285,0.0,0.0,0.0,0.0,0.0,0.0,2009-11-08 15:00:00
1286,0.0,0.0,0.0,0.0,0.0,0.0,2009-11-08 18:00:00
1287,0.0,0.0,0.0,0.0,0.0,0.0,2009-11-08 21:00:00
1288,0.0,0.0,0.0,0.0,0.0,0.0,2009-11-09 00:00:00
1289,0.0,0.0,0.0,0.0,0.0,0.0,2009-11-09 03:00:00
1290,0.0,0.0,0.0,0.0,0.0,0.0,2009-11-09 06:00:00
1291,0.0,0.0,0.0,0.0,0.0,0.0,2009-11-09 09:00:00
1292,0.0,0.0,0.0,0.0,0.0,0.0,2009-11-09 12:00:00
1293,0.0,0.0,0.0,0.0,0.0,0.0,2009-11-09 15:00:00
1294,0.0,0.0,0.0,0.0,0.0,0.0,2009-11-09 18:00:00
1295,0.0,0.0,0.0,0.0,0.0,0.0,2009-11-09 21:00:00
1296,0.0,0.0,0.0,0.0,0.0,0.0,2009-11-10 00:00:00
1297,0.0,0.0,0.0,0.0,0.0,0.0,2009-11-10 03:00:00
1298,0.0,0.0,0.0,0.0,0.0,0.0,2009-11-10 06:00:00
1299,0.0,0.0,0.0,0.0,0.0,0.0,2009-11-10 09:00:00
1300,0.0,0.0,0.0,0.0,0.0,0.0,2009-11-10 12:00:00
1301,0.0,0.0,0.0,0.0,0.0,0.0,2009-11-10 15:00:00
1302,0.0,0.0,0.0,0.0,0.0,0.0,2009-11-10 18:00:00
1303,0.0,0.0,0.0,0.0,0.0,0.0,2009-11-10 21:00:00
1304,0.0,0.0,0.0,0.0,0.0,0.0,2009-11-11 00:00:00
1305,0.0,0.0,0.0,0.0,0.0,0.0,2009-11-11 03:00:00
1306,0.0,0.0,0.0,0.0,0.0,0.0,2009-11-11 06:00:00
1307,0.0,0.0,0.0,0.0,0.0,0.0,2009-11-11 09:00:00
1308,0.0,0.0,0.0,0.0,0.0,0.0,2009-11-11 12:00:00
1309,0.0,0.0,0.0,0.0,0.0,0.0,2009-11-11 15:00:00
1310,0.0,0.0,0.0,0.0,0.0,0.0,2009-11-11 18:00:00
1311,0.0,0.0,0.0,0.0,0.0,0.0,2009-11-11 21:00:00
1312,0.0,0.0,0.0,0.0,0.0,0.0,2009-11-12 00:00:00
1313,0.0,0.0,0.0,0.0,0.0,0.0,2009-11-12 03:00:00
1314,0.0,0.0,0.0,0.0,0.0,0.0,2009-11-12 06:00:00
1315,0.0,0.0,0.0,0.0,0.0,0.0,2009-11-12 09:00:00
1316,0.0,0.0,0.0,0.0,0.0,0.0,2009-11-12 12:00:00
1317,0.0,0.0,0.0,0.0,0.0,0.0,2009-11-12 15:00:00
1318,0.0,0.0,0.0,0.0,0.0,0.0,2009-11-12 18:00:00
1319,0.0,0.0,0.0,0.0,0.0,0.0,2009-11-12 21:00:00
1320,0.0,0.0,0.0,0.0,0.0,0.0,2009-11-13 00:00:00
1321,0.0,0.0,0.0,0.0,0.0,0.0,2009-11-13 03:00:00
1322,0.0,0.0,0.0,0.0,0.0,0.0,2009-11-13 06:00:00
1323,0.0,0.0,0.0,0.0,0.0,0.0,2009-11-13 09:00:00
1324,0.0,0.0,0.0,0.0,0.0,0.0,2009-11-13 12:00:00
1325,0.0,0.0,0.0,0.0,0.0,0.0,2009-11-13 15:00:00
1326,0.0,0.0,0.0,0.0,0.0,0.0,2009-11-13 18:00:00
1327,0.0,0.0,0.0,0.0,0.0,0.0,2009-11-13 21:00:00
1328,0.0,0.0,0.0,0.0,0.0,0.0,2009-11-14 00:00:00
1329,0.0,0.0,0.0,0.0,0.0,0.0,2009-11-14 03:00:00
1330,0.0,0.0,0.0,0.0,0.0,0.0,2009-11-14 06:00:00
1331,0.0,0.0,0.0,0.0,0.0,0.0,2009-11-14 09:00:00
1332,0.0,0.0,0.0,0.0,0.0,0.0,2009-11-14 12:00:00
1333,0.0,0.0,0.0,0.0,0.0,0.0,2009-11-14 15:00:00
1334,0.0,0.0,0.0,0.0,0.0,0.0,2009-11-14 18:00:00
1335,0.0,0.0,0.0,0.0,0.0,0.0,2009-11-14 21:00:00
1336,0.0,0.0,0.0,0.0,0.0,0.0,2009-11-15 00:00:00
1337,0.0,0.0,0.0,0.0,0.0,0.0,2009-11-15 03:00:00
1338,0.0,0.0,0.0,0.0,0.0,0.0,2009-11-15 06:00:00
1339,0.0,0.0,0.0,0.0,0.0,0.0,2009-11-15 09:00:00
1340,0.0,0.0,0.0,0.0,0.0,0.0,2009-11-15 12:00:00
1341,0.0,0.0,0.0,0.0,0.0,0.0,2009-11-15 15:00:00
1342,0.0,0.0,0.0,0.0,0.0,0.0,2009-11-15 18:00:00
1343,0.0,0.0,0.0,0.0,0.0,0.0,2009-11-15 21:00:00
1344,0.0,0.0,0.0,0.0,0.0,0.0,2009-11-16 00:00:00
1345,0.0,0.0,0.0,0.0,0.0,0.0,2009-11-16 03:00:00
1346,0.0,0.0,0.0,0.0,0.0,0.0,2009-11-16 06:00:00
1347,0.0,0.0,0.0,0.0,0.0,0.0,2009-11-16 09:00:00
1348,0.0,0.0,0.0,0.0,0.0,0.0,2009-11-16 12:00:00
1349,0.0,0.0,0.0,0.0,0.0,0.0,2009-11-16 15:00:00
1350,0.0,0.0,0.0,0.0,0.0,0.0,2009-11-16 18:00:00
1351,0.0,0.0,0.0,0.0,0.0,0.0,2009-11-16 21:00:00
1352,0.0,0.0,0.0,0.0,0.0,0.0,2009-11-17 00:00:00
1353,0.0,0.0,0.0,0.0,0.0,0.0,2009-11-17 03:00:00
1354,0.0,0.0,0.0,0.0,0.0,0.0,2009-11-17 06:00:00
1355,0.0,0.0,0.0,0.0,0.0,0.0,2009-11-17 09:00:00
1356,0.0,0.0,0.0,0.0,0.0,0.0,2009-11-17 12:00:00
1357,0.0,0.0,0.0,0.0,0.0,0.0,2009-11-17 15:00:00
1358,0.0,0.0,0.0,0.0,0.0,0.0,2009-11-17 18:00:00
1359,0.0,0.0,0.0,0.0,0.0,0.0,2009-11-17 21:00:00
1360,0.0,0.0,0.0,0.0,0.0,0.0,2009-11-18 00:00:00
1361,0.0,0.0,0.0,0.0,0.0,0.0,2009-11-18 03:00:00
1362,0.0,0.0,0.0,0.0,0.0,0.0,2009-11-18 06:00:00
1363,0.0,0.0,0.0,0.0,0.0,0.0,2009-11-18 09:00:00
1364,0.0,0.0,0.0,0.0,0.0,0.0,2009-11-18 12:00:00
1365,0.0,0.0,0.0,0.0,0.0,0.0,2009-11-18 15:00:00
1366,0.0,0.0,0.0,0.0,0.0,0.0,2009-11-18 18:00:00
1367,0.0,0.0,0.0,0.0,0.0,0.0,2009-11-18 21:00:00
1368,0.0,0.0,0.0,0.0,0.0,0.0,2009-11-19 00:00:00
1369,0.0,0.0,0.0,0.0,0.0,0.0,2009-11-19 03:00:00
1370,0.0,0.0,0.0,0.0,0.0,0.0,2009-11-19 06:00:00
1371,0.0,0.0,0.0,0.0,0.0,0.0,2009-11-19 09:00:00
1372,0.0,0.0,0.0,0.0,0.0,0.0,2009-11-19 12:00:00
1373,0.0,0.0,0.0,0.0,0.0,0.0,2009-11-19 15:00:00
1374,0.0,0.0,0.0,0.0,0.0,0.0,2009-11-19 18:00:00
1375,0.0,0.0,0.0,0.0,0.0,0.0,2009-11-19 21:00:00
1376,0.0,0.0,0.0,0.0,0.0,0.0,2009-11-20 00:00:00
1377,0.0,0.0,0.0,0.0,0.0,0.0,2009-11-20 03:00:00
1378,0.0,0.0,0.0,0.0,0.0,0.0,2009-11-20 06:00:00
1379,0.0,0.0,0.0,0.0,0.0,0.0,2009-11-20 09:00:00
1380,0.0,0.0,0.0,0.0,0.0,0.0,2009-11-20 12:00:00
1381,0.0,0.0,0.0,0.0,0.0,0.0,2009-11-20 15:00:00
1382,0.0,0.0,0.0,0.0,0.0,0.0,2009-11-20 18:00:00
1383,0.0,0.0,0.0,0.0,0.0,0.0,2009-11-20 21:00:00
1384,0.0,0.0,0.0,0.0,0.0,0.0,2009-11-21 00:00:00
1385,0.0,0.0,0.0,0.0,0.0,0.0,2009-11-21 03:00:00
1386,0.0,0.0,0.0,0.0,0.0,0.0,2009-11-21 06:00:00
1387,0.0,0.0,0.0,0.0,0.0,0.0,2009-11-21 09:00:00
1388,0.0,0.0,0.0,0.0,0.0,0.0,2009-11-21 12:00:00
1389,0.0,0.0,0.0,0.0,0.0,0.0,2009-11-21 15:00:00
1390,0.0,0.0,0.0,0.0,0.0,0.0,2009-11-21 18:00:00
1391,0.0,0.0,0.0,0.0,0.0,0.0,2009-11-21 21:00:00
1392,0.0,0.0,0.0,0.0,0.0,0.0,2009-11-22 00:00:00
1393,0.0,0.0,0.0,0.0,0.0,0.0,2009-11-22 03:00:00
1394,0.0,0.0,0.0,0.0,0.0,0.0,2009-11-22 06:00:00
1395,0.0,0.0,0.0,0.0,0.0,0.0,2009-11-22 09:00:00
1396,0.0,0.0,0.0,0.0,0.0,0.0,2009-11-22 12:00:00
1397,0.0,0.0,0.0,0.0,0.0,0.0,2009-11-22 15:00:00
1398,0.0,0.0,0.0,0.0,0.0,0.0,2009-11-22 18:00:00
1399,0.0,0.0,0.0,0.0,0.0,0.0,2009-11-22 21:00:00
1400,0.0,0.0,0.0,0.0,0.0,0.0,2009-11-23 00:00:00
1401,0.0,0.0,0.0,0.0,0.0,0.0,2009-11-23 03:00:00
1402,0.0,0.0,0.0,0.0,0.0,0.0,2009-11-23 06:00:00
1403,0.0,0.0,0.0,0.0,0.0,0.0,2009-11-23 09:00:00
1404,0.0,0.0,0.0,0.0,0.0,0.0,2009-11-23 12:00:00
1405,0.0,0.0,0.0,0.0,0.0,0.0,2009-11-23 15:00:00
1406,0.0,0.0,0.0,0.0,0.0,0.0,2009-11-23 18:00:00
1407,0.0,0.0,0.0,0.0,0.0,0.0,2009-11-23 21:00:00
1408,0.0,0.0,0.0,0.0,0.0,0.0,2009-11-24 00:00:00
1409,0.0,0.0,0.0,0.0,0.0,0.0,2009-11-24 03:00:00
1410,0.0,0.0,0.0,0.0,0.0,0.0,2009-11-24 06:00:00
1411,0.0,0.0,0.0,0.0,0.0,0.0,2009-11-24 09:00:00
1412,0.0,0.0,0.0,0.0,0.0,0.0,2009-11-24 12:00:00
1413,0.0,0.0,0.0,0.0,0.0,0.0,2009-11-24 15:00:00
1414,0.0,0.0,0.0,0.0,0.0,0.0,2009-11-24 18:00:00
1415,0.0,0.0,0.0,0.0,0.0,0.0,2009-11-24 21:00:00
1416,0.0,0.0,0.0,0.0,0.0,0.0,2009-11-25 00:00:00
1417,0.0,0.0,0.0,0.0,0.0,0.0,2009-11-25 03:00:00
1418,0.0,0.0,0.0,0.0,0.0,0.0,2009-11-25 06:00:00
1419,0.0,0.0,0.0,0.0,0.0,0.0,2009-11-25 09:00:00
1420,0.0,0.0,0.0,0.0,0.0,0.0,2009-11-25 12:00:00
1421,0.0,0.0,0.0,0.0,0.0,0.0,2009-11-25 15:00:00
1422,0.0,0.0,0.0,0.0,0.0,0.0,2009-11-25 18:00:00
1423,0.0,0.0,0.0,0.0,0.0,0.0,2009-11-25 21:00:00
1424,0.0,0.0,0.0,0.0,0.0,0.0,2009-11-26 00:00:00
1425,0.0,0.0,0.0,0.0,0.0,0.0,2009-11-26 03:00:00
1426,0.0,0.0,0.0,0.0,0.0,0.0,2009-11-26 06:00:00
1427,0.0,0.0,0.0,0.0,0.0,0.0,2009-11-26 09:00:00
1428,0.0,0.0,0.0,0.0,0.0,0.0,2009-11-26 12:00:00
1429,0.0,0.0,0.0,0.0,0.0,0.0,2009-11-26 15:00:00
1430,0.0,0.0,0.0,0.0,0.0,0.0,2009-11-26 18:00:00
1431,0.0,0.0,0.0,0.0,0.0,0.0,2009-11-26 21:00:00
1432,0.0,0.0,0.0,0.0,0.0,0.0,2009-11-27 00:00:00
1433,0.0,0.0,0.0,0.0,0.0,0.0,2009-11-27 03:00:00
1434,0.0,0.0,0.0,0.0,0.0,0.0,2009-11-27 06:00:00
1435,0.0,0.0,0.0,0.0,0.0,0.0,2009-11-27 09:00:00
1436,0.0,0.0,0.0,0.0,0.0,0.0,2009-11-27 12:00:00
1437,0.0,0.0,0.0,0.0,0.0,0.0,2009-11-27 15:00:00
1438,0.0,0.0,0.0,0.0,0.0,0.0,2009-11-27 18:00:00
1439,0.0,0.0,0.0,0.0,0.0,0.0,2009-11-27 21:00:00
1440,0.0,0.0,0.0,0.0,0.0,0.0,2009-11-28 00:00:00
1441,0.0,0.0,0.0,0.0,0.0,0.0,2009-11-28 03:00:00
1442,0.0,0.0,0.0,0.0,0.0,0.0,2009-11-28 06:00:00
1443,0.0,0.0,0.0,0.0,0.0,0.0,2009-11-28 09:00:00
1444,0.0,0.0,0.0,0.0,0.0,0.0,2009-11-28 12:00:00
1445,0.0,0.0,0.0,0.0,0.0,0.0,2009-11-28 15:00:00
1446,0.0,0.0,0.0,0.0,0.0,0.0,2009-11-28 18:00:00
1447,0.0,0.0,0.0,0.0,0.0,0.0,2009-11-28 21:00:00
1448,0.0,0.0,0.0,0.0,0.0,0.0,2009-11-29 00:00:00
1449,0.0,0.0,0.0,0.0,0.0,0.0,2009-11-29 03:00:00
1450,0.0,0.0,0.0,0.0,0.0,0.0,2009-11-29 06:00:00
1451,0.0,0.0,0.0,0.0,0.0,0.0,2009-11-29 09:00:00
1452,0.0,0.0,0.0,0.0,0.0,0.0,2009-11-29 12:00:00
1453,0.0,0.0,0.0,0.0,0.0,0.0,2009-11-29 15:00:00
1454,0.0,0.0,0.0,0.0,0.0,0.0,2009-11-29 18:00:00
1455,0.0,0.0,0.0,0.0,0.0,0.0,2009-11-29 21:00:00
1456,0.0,0.0,0.0,0.0,0.0,0.0,2009-11-30 00:00:00
1457,0.0,0.0,0.0,0.0,0.0,0.0,2009-11-30 03:00:00
1458,0.0,0.0,0.0,0.0,0.0,0.0,2009-11-30 06:00:00
1459,0.0,0.0,0.0,0.0,0.0,0.0,2009-11-30 09:00:00
1460,0.0,0.0,0.0,0.0,0.0,0.0,2009-11-30 12:00:00
1461,0.0,0.0,0.0,0.0,0.0,0.0,2009-11-30 15:00:00
1462,0.0,0.0,0.0,0.0,0.0,0.0,2009-11-30 18:00:00
1463,0.0,0.0,0.0,0.0,0.0,0.0,2009-11-30 21:00:00
1464,0.0,0.0,0.0,0.0,0.0,0.0,2009-12-01 00:00:00
1465,0.0,0.0,0.0,0.0,0.0,0.0,2009-12-01 03:00:00
1466,0.0,0.0,0.0,0.0,0.0,0.0,2009-12-01 06:00:00
1467,0.0,0.0,0.0,0.0,0.0,0.0,2009-12-01 09:00:00
1468,0.0,0.0,0.0,0.0,0.0,0.0,2009-12-01 12:00:00
1469,0.0,0.0,0.0,0.0,0.0,0.0,2009-12-01 15:00:00
1470,0.0,0.0,0.0,0.0,0.0,0.0,2009-12-01 18:00:00
1471,0.0,0.0,0.0,0.0,0.0,0.0,2009-12-01 21:00:00
1472,0.0,0.0,0.0,0.0,0.0,0.0,2009-12-02 00:00:00
1473,0.0,0.0,0.0,0.0,0.0,0.0,2009-12-02 03:00:00
1474,0.0,0.0,0.0,0.0,0.0,0.0,2009-12-02 06:00:00
1475,0.0,0.0,0.0,0.0,0.0,0.0,2009-12-02 09:00:00
1476,0.0,0.0,0.0,0.0,0.0,0.0,2009-12-02 12:00:00
1477,0.0,0.0,0.0,0.0,0.0,0.0,2009-12-02 15:00:00
1478,0.0,0.0,0.0,0.0,0.0,0.0,2009-12-02 18:00:00
1479,0.0,0.0,0.0,0.0,0.0,0.0,2009-12-02 21:00:00
1480,0.0,0.0,0.0,0.0,0.0,0.0,2009-12-03 00:00:00
1481,0.0,0.0,0.0,0.0,0.0,0.0,2009-12-03 03:00:00
1482,0.0,0.0,0.0,0.0,0.0,0.0,2009-12-03 06:00:00
1483,0.0,0.0,0.0,0.0,0.0,0.0,2009-12-03 09:00:00
1484,0.0,0.0,0.0,0.0,0.0,0.0,2009-12-03 12:00:00
1485,0.0,0.0,0.0,0.0,0.0,0.0,2009-12-03 15:00:00
1486,0.0,0.0,0.0,0.0,0.0,0.0,2009-12-03 18:00:00
1487,0.0,0.0,0.0,0.0,0.0,0.0,2009-12-03 21:00:00
1488,0.0,0.0,0.0,0.0,0.0,0.0,2009-12-04 00:00:00
1489,0.0,0.0,0.0,0.0,0.0,0.0,2009-12-04 03:00:00
1490,0.0,0.0,0.0,0.0,0.0,0.0,2009-12-04 06:00:00
1491,0.0,0.0,0.0,0.0,0.0,0.0,2009-12-04 09:00:00
1492,0.0,0.0,0.0,0.0,0.0,0.0,2009-12-04 12:00:00
1493,0.0,0.0,0.0,0.0,0.0,0.0,2009-12-04 15:00:00
1494,0.0,0.0,0.0,0.0,0.0,0.0,2009-12-04 18:00:00
1495,0.0,0.0,0.0,0.0,0.0,0.0,2009-12-04 21:00:00
1496,0.0,0.0,0.0,0.0,0.0,0.0,2009-12-05 00:00:00
1497,0.0,0.0,0.0,0.0,0.0,0.0,2009-12-05 03:00:00
1498,0.0,0.0,0.0,0.0,0.0,0.0,2009-12-05 06:00:00
1499,0.0,0.0,0.0,0.0,0.0,0.0,2009-12-05 09:00:00
1500,0.0,0.0,0.0,0.0,0.0,0.0,2009-12-05 12:00:00
1501,0.0,0.0,0.0,0.0,0.0,0.0,2009-12-05 15:00:00
1502,0.0,0.0,0.0,0.0,0.0,0.0,2009-12-05 18:00:00
1503,0.0,0.0,0.0,0.0,0.0,0.0,2009-12-05 21:00:00
1504,0.0,0.0,0.0,0.0,0.0,0.0,2009-12-06 00:00:00
1505,0.0,0.0,0.0,0.0,0.0,0.0,2009-12-06 03:00:00
1506,0.0,0.0,0.0,0.0,0.0,0.0,2009-12-06 06:00:00
1507,0.0,0.0,0.0,0.0,0.0,0.0,2009-12-06 09:00:00
1508,0.0,0.0,0.0,0.0,0.0,0.0,2009-12-06 12:00:00
1509,0.0,0.0,0.0,0.0,0.0,0.0,2009-12-06 15:00:00
1510,0.0,0.0,0.0,0.0,0.0,0.0,2009-12-06 18:00:00
1511,0.0,0.0,0.0,0.0,0.0,0.0,2009-12-06 21:00:00
1512,0.0,0.0,0.0,0.0,0.0,0.0,2009-12-07 00:00:00
1513,0.0,0.0,0.0,0.0,0.0,0.0,2009-12-07 03:00:00
1514,0.0,0.0,0.0,0.0,0.0,0.0,2009-12-07 06:00:00
1515,0.0,0.0,0.0,0.0,0.0,0.0,2009-12-07 09:00:00
1516,0.0,0.0,0.0,0.0,0.0,0.0,2009-12-07 12:00:00
1517,0.0,0.0,0.0,0.0,0.0,0.0,2009-12-07 15:00:00
1518,0.0,0.0,0.0,0.0,0.0,0.0,2009-12-07 18:00:00
1519,0.0,0.0,0.0,0.0,0.0,0.0,2009-12-07 21:00:00
1520,0.0,0.0,0.0,0.0,0.0,0.0,2009-12-08 00:00:00
1521,0.0,0.0,0.0,0.0,0.0,0.0,2009-12-08 03:00:00
1522,0.0,0.0,0.0,0.0,0.0,0.0,2009-12-08 06:00:00
1523,0.0,0.0,0.0,0.0,0.0,0.0,2009-12-08 09:00:00
1524,0.0,0.0,0.0,0.0,0.0,0.0,2009-12-08 12:00:00
1525,0.0,0.0,0.0,0.0,0.0,0.0,2009-12-08 15:00:00
1526,0.0,0.0,0.0,0.0,0.0,0.0,2009-12-08 18:00:00
1527,0.0,0.0,0.0,0.0,0.0,0.0,2009-12-08 21:00:00
1528,0.0,0.0,0.0,0.0,0.0,0.0,2009-12-09 00:00:00
1529,0.0,0.0,0.0,0.0,0.0,0.0,2009-12-09 03:00:00
1530,0.0,0.0,0.0,0.0,0.0,0.0,2009-12-09 06:00:00
1531,0.0,0.0,0.0,0.0,0.0,0.0,2009-12-09 09:00:00
1532,0.0,0.0,0.0,0.0,0.0,0.0,2009-12-09 12:00:00
1533,0.0,0.0,0.0,0.0,0.0,0.0,2009-12-09 15:00:00
1534,0.0,0.0,0.0,0.0,0.0,0.0,2009-12-09 18:00:00
1535,0.0,0.0,0.0,0.0,0.0,0.0,2009-12-09 21:00:00
1536,0.0,0.0,0.0,0.0,0.0,0.0,2009-12-10 00:00:00
1537,0.0,0.0,0.0,0.0,0.0,0.0,2009-12-10 03:00:00
1538,0.0,0.0,0.0,0.0,0.0,0.0,2009-12-10 06:00:00
1539,0.0,0.0,0.0,0.0,0.0,0.0,2009-12-10 09:00:00
1540,0.0,0.0,0.0,0.0,0.0,0.0,2009-12-10 12:00:00
1541,0.0,0.0,0.0,0.0,0.0,0.0,2009-12-10 15:00:00
1542,0.0,0.0,0.0,0.0,0.0,0.0,2009-12-10 18:00:00
1543,0.0,0.0,0.0,0.0,0.0,0.0,2009-12-10 21:00:00
1544,0.0,0.0,0.0,0.0,0.0,0.0,2009-12-11 00:00:00
1545,0.0,0.0,0.0,0.0,0.0,0.0,2009-12-11 03:00:00
1546,0.0,0.0,0.0,0.0,0.0,0.0,2009-12-11 06:00:00
1547,0.0,0.0,0.0,0.0,0.0,0.0,2009-12-11 09:00:00
1548,0.0,0.0,0.0,0.0,0.0,0.0,2009-12-11 12:00:00
1549,0.0,0.0,0.0,0.0,0.0,0.0,2009-12-11 15:00:00
1550,0.0,0.0,0.0,0.0,0.0,0.0,2009-12-11 18:00:00
1551,0.0,0.0,0.0,0.0,0.0,0.0,2009-12-11 21:00:00
1552,0.0,0.0,0.0,0.0,0.0,0.0,2009-12-12 00:00:00
1553,0.0,0.0,0.0,0.0,0.0,0.0,2009-12-12 03:00:00
1554,0.0,0.0,0.0,0.0,0.0,0.0,2009-12-12 06:00:00
1555,0.0,0.0,0.0,0.0,0.0,0.0,2009-12-12 09:00:00
1556,0.0,0.0,0.0,0.0,0.0,0.0,2009-12-12 12:00:00
1557,0.0,0.0,0.0,0.0,0.0,0.0,2009-12-12 15:00:00
1558,0.0,0.0,0.0,0.0,0.0,0.0,2009-12-12 18:00:00
1559,0.0,0.0,0.0,0.0,0.0,0.0,2009-12-12 21:00:00
1560,0.0,0.0,0.0,0.0,0.0,0.0,2009-12-13 00:00:00
1561,0.0,0.0,0.0,0.0,0.0,0.0,2009-12-13 03:00:00
1562,0.0,0.0,0.0,0.0,0.0,0.0,2009-12-13 06:00:00
1563,0.0,0.0,0.0,0.0,0.0,0.0,2009-12-13 09:00:00
1564,0.0,0.0,0.0,0.0,0.0,0.0,2009-12-13 12:00:00
1565,0.0,0.0,0.0,0.0,0.0,0.0,2009-12-13 15:00:00
1566,0.0,0.0,0.0,0.0,0.0,0.0,2009-12-13 18:00:00
1567,0.0,0.0,0.0,0.0,0.0,0.0,2009-12-13 21:00:00
1568,0.0,0.0,0.0,0.0,0.0,0.0,2009-12-14 00:00:00
1569,0.0,0.0,0.0,0.0,0.0,0.0,2009-12-14 03:00:00
1570,0.0,0.0,0.0,0.0,0.0,0.0,2009-12-14 06:00:00
1571,0.0,0.0,0.0,0.0,0.0,0.0,2009-12-14 09:00:00
1572,0.0,0.0,0.0,0.0,0.0,0.0,2009-12-14 12:00:00
1573,0.0,0.0,0.0,0.0,0.0,0.0,2009-12-14 15:00:00
1574,0.0,0.0,0.0,0.0,0.0,0.0,2009-12-14 18:00:00
1575,0.0,0.0,0.0,0.0,0.0,0.0,2009-12-14 21:00:00
1576,0.0,0.0,0.0,0.0,0.0,0.0,2009-12-15 00:00:00
1577,0.0,0.0,0.0,0.0,0.0,0.0,2009-12-15 03:00:00
1578,0.0,0.0,0.0,0.0,0.0,0.0,2009-12-15 06:00:00
1579,0.0,0.0,0.0,0.0,0.0,0.0,2009-12-15 09:00:00
1580,0.0,0.0,0.0,0.0,0.0,0.0,2009-12-15 12:00:00
1581,0.0,0.0,0.0,0.0,0.0,0.0,2009-12-15 15:00:00
1582,0.0,0.0,0.0,0.0,0.0,0.0,2009-12-15 18:00:00
1583,0.0,0.0,0.0,0.0,0.0,0.0,2009-12-15 21:00:00
1584,0.0,0.0,0.0,0.0,0.0,0.0,2009-12-16 00:00:00
1585,0.0,0.0,0.0,0.0,0.0,0.0,2009-12-16 03:00:00
1586,0.0,0.0,0.0,0.0,0.0,0.0,2009-12-16 06:00:00
1587,0.0,0.0,0.0,0.0,0.0,0.0,2009-12-16 09:00:00
1588,0.0,0.0,0.0,0.0,0.0,0.0,2009-12-16 12:00:00
1589,0.0,0.0,0.0,0.0,0.0,0.0,2009-12-16 15:00:00
1590,0.0,0.0,0.0,0.0,0.0,0.0,2009-12-16 18:00:00
1591,0.0,0.0,0.0,0.0,0.0,0.0,2009-12-16 21:00:00
1592,0.0,0.0,0.0,0.0,0.0,0.0,2009-12-17 00:00:00
1593,0.0,0.0,0.0,0.0,0.0,0.0,2009-12-17 03:00:00
1594,0.0,0.0,0.0,0.0,0.0,0.0,2009-12-17 06:00:00
1595,0.0,0.0,0.0,0.0,0.0,0.0,2009-12-17 09:00:00
1596,0.0,0.0,0.0,0.0,0.0,0.0,2009-12-17 12:00:00
1597,0.0,0.0,0.0,0.0,0.0,0.0,2009-12-17 15:00:00
1598,0.0,0.0,0.0,0.0,0.0,0.0,2009-12-17 18:00:00
1599,0.0,0.0,0.0,0.0,0.0,0.0,2009-12-17 21:00:00
1600,0.0,0.0,0.0,0.0,0.0,0.0,2009-12-18 00:00:00
1601,0.0,0.0,0.0,0.0,0.0,0.0,2009-12-18 03:00:00
1602,0.0,0.0,0.0,0.0,0.0,0.0,2009-12-18 06:00:00
1603,0.0,0.0,0.0,0.0,0.0,0.0,2009-12-18 09:00:00
1604,0.0,0.0,0.0,0.0,0.0,0.0,2009-12-18 12:00:00
1605,0.0,0.0,0.0,0.0,0.0,0.0,2009-12-18 15:00:00
1606,0.0,0.0,0.0,0.0,0.0,0.0,2009-12-18 18:00:00
1607,0.0,0.0,0.0,0.0,0.0,0.0,2009-12-18 21:00:00
1608,0.0,0.0,0.0,0.0,0.0,0.0,2009-12-19 00:00:00
1609,0.0,0.0,0.0,0.0,0.0,0.0,2009-12-19 03:00:00
1610,0.0,0.0,0.0,0.0,0.0,0.0,2009-12-19 06:00:00
1611,0.0,0.0,0.0,0.0,0.0,0.0,2009-12-19 09:00:00
1612,0.0,0.0,0.0,0.0,0.0,0.0,2009-12-19 12:00:00
1613,0.0,0.0,0.0,0.0,0.0,0.0,2009-12-19 15:00:00
1614,0.0,0.0,0.0,0.0,0.0,0.0,2009-12-19 18:00:00
1615,0.0,0.0,0.0,0.0,0.0,0.0,2009-12-19 21:00:00
1616,0.0,0.0,0.0,0.0,0.0,0.0,2009-12-20 00:00:00
1617,0.0,0.0,0.0,0.0,0.0,0.0,2009-12-20 03:00:00
1618,0.0,0.0,0.0,0.0,0.0,0.0,2009-12-20 06:00:00
1619,0.0,0.0,0.0,0.0,0.0,0.0,2009-12-20 09:00:00
1620,0.0,0.0,0.0,0.0,0.0,0.0,2009-12-20 12:00:00
1621,0.0,0.0,0.0,0.0,0.0,0.0,2009-12-20 15:00:00
1622,0.0,0.0,0.0,0.0,0.0,0.0,2009-12-20 18:00:00
1623,0.0,0.0,0.0,0.0,0.0,0.0,2009-12-20 21:00:00
1624,0.0,0.0,0.0,0.0,0.0,0.0,2009-12-21 00:00:00
1625,0.0,0.0,0.0,0.0,0.0,0.0,2009-12-21 03:00:00
1626,0.0,0.0,0.0,0.0,0.0,0.0,2009-12-21 06:00:00
1627,0.0,0.0,0.0,0.0,0.0,0.0,2009-12-21 09:00:00
1628,0.0,0.0,0.0,0.0,0.0,0.0,2009-12-21 12:00:00
1629,0.0,0.0,0.0,0.0,0.0,0.0,2009-12-21 15:00:00
1630,0.0,0.0,0.0,0.0,0.0,0.0,2009-12-21 18:00:00
1631,0.0,0.0,0.0,0.0,0.0,0.0,2009-12-21 21:00:00
1632,0.0,0.0,0.0,0.0,0.0,0.0,2009-12-22 00:00:00
1633,0.0,0.0,0.0,0.0,0.0,0.0,2009-12-22 03:00:00
1634,0.0,0.0,0.0,0.0,0.0,0.0,2009-12-22 06:00:00
1635,0.0,0.0,0.0,0.0,0.0,0.0,2009-12-22 09:00:00
1636,0.0,0.0,0.0,0.0,0.0,0.0,2009-12-22 12:00:00
1637,0.0,0.0,0.0,0.0,0.0,0.0,2009-12-22 15:00:00
1638,0.0,0.0,0.0,0.0,0.0,0.0,2009-12-22 18:00:00
1639,0.0,0.0,0.0,0.0,0.0,0.0,2009-12-22 21:00:00
1640,0.0,0.0,0.0,0.0,0.0,0.0,2009-12-23 00:00:00
1641,0.0,0.0,0.0,0.0,0.0,0.0,2009-12-23 03:00:00
1642,0.0,0.0,0.0,0.0,0.0,0.0,2009-12-23 06:00:00
1643,0.0,0.0,0.0,0.0,0.0,0.0,2009-12-23 09:00:00
1644,0.0,0.0,0.0,0.0,0.0,0.0,2009-12-23 12:00:00
1645,0.0,0.0,0.0,0.0,0.0,0.0,2009-12-23 15:00:00
1646,0.0,0.0,0.0,0.0,0.0,0.0,2009-12-23 18:00:00
1647,0.0,0.0,0.0,0.0,0.0,0.0,2009-12-23 21:00:00
1648,0.0,0.0,0.0,0.0,0.0,0.0,2009-12-24 00:00:00
1649,0.0,0.0,0.0,0.0,0.0,0.0,2009-12-24 03:00:00
1650,0.0,0.0,0.0,0.0,0.0,0.0,2009-12-24 06:00:00
1651,0.0,0.0,0.0,0.0,0.0,0.0,2009-12-24 09:00:00
1652,0.0,0.0,0.0,0.0,0.0,0.0,2009-12-24 12:00:00
1653,0.0,0.0,0.0,0.0,0.0,0.0,2009-12-24 15:00:00
1654,0.0,0.0,0.0,0.0,0.0,0.0,2009-12-24 18:00:00
1655,0.0,0.0,0.0,0.0,0.0,0.0,2009-12-24 21:00:00
1656,0.0,0.0,0.0,0.0,0.0,0.0,2009-12-25 00:00:00
1657,0.0,0.0,0.0,0.0,0.0,0.0,2009-12-25 03:00:00
1658,0.0,0.0,0.0,0.0,0.0,0.0,2009-12-25 06:00:00
1659,0.0,0.0,0.0,0.0,0.0,0.0,2009-12-25 09:00:00
1660,0.0,0.0,0.0,0.0,0.0,0.0,2009-12-25 12:00:00
1661,0.0,0.0,0.0,0.0,0.0,0.0,2009-12-25 15:00:00
1662,0.0,0.0,0.0,0.0,0.0,0.0,2009-12-25 18:00:00
1663,0.0,0.0,0.0,0.0,0.0,0.0,2009-12-25 21:00:00
1664,0.0,0.0,0.0,0.0,0.0,0.0,2009-12-26 00:00:00
1665,0.0,0.0,0.0,0.0,0.0,0.0,2009-12-26 03:00:00
1666,0.0,0.0,0.0,0.0,0.0,0.0,2009-12-26 06:00:00
1667,0.0,0.0,0.0,0.0,0.0,0.0,2009-12-26 09:00:00
1668,0.0,0.0,0.0,0.0,0.0,0.0,2009-12-26 12:00:00
1669,0.0,0.0,0.0,0.0,0.0,0.0,2009-12-26 15:00:00
1670,0.0,0.0,0.0,0.0,0.0,0.0,2009-12-26 18:00:00
1671,0.0,0.0,0.0,0.0,0.0,0.0,2009-12-26 21:00:00
1672,0.0,0.0,0.0,0.0,0.0,0.0,2009-12-27 00:00:00
1673,0.0,0.0,0.0,0.0,0.0,0.0,2009-12-27 03:00:00
1674,0.0,0.0,0.0,0.0,0.0,0.0,2009-12-27 06:00:00
1675,0.0,0.0,0.0,0.0,0.0,0.0,2009-12-27 09:00:00
1676,0.0,0.0,0.0,0.0,0.0,0.0,2009-12-27 12:00:00
1677,0.0,0.0,0.0,0.0,0.0,0.0,2009-12-27 15:00:00
1678,0.0,0.0,0.0,0.0,0.0,0.0,2009-12-27 18:00:00
1679,0.0,0.0,0.0,0.0,0.0,0.0,2009-12-27 21:00:00
1680,0.0,0.0,0.0,0.0,0.0,0.0,2009-12-28 00:00:00
1681,0.0,0.0,0.0,0.0,0.0,0.0,2009-12-28 03:00:00
1682,0.0,0.0,0.0,0.0,0.0,0.0,2009-12-28 06:00:00
1683,0.0,0.0,0.0,0.0,0.0,0.0,2009-12-28 09:00:00
1684,0.0,0.0,0.0,0.0,0.0,0.0,2009-12-28 12:00:00
1685,0.0,0.0,0.0,0.0,0.0,0.0,2009-12-28 15:00:00
1686,0.0,0.0,0.0,0.0,0.0,0.0,2009-12-28 18:00:00
1687,0.0,0.0,0.0,0.0,0.0,0.0,2009-12-28 21:00:00
1688,0.0,0.0,0.0,0.0,0.0,0.0,2009-12-29 00:00:00
1689,0.0,0.0,0.0,0.0,0.0,0.0,2009-12-29 03:00:00
1690,0.0,0.0,0.0,0.0,0.0,0.0,2009-12-29 06:00:00
1691,0.0,0.0,0.0,0.0,0.0,0.0,2009-12-29 09:00:00
1692,0.0,0.0,0.0,0.0,0.0,0.0,2009-12-29 12:00:00
1693,0.0,0.0,0.0,0.0,0.0,0.0,2009-12-29 15:00:00
1694,0.0,0.0,0.0,0.0,0.0,0.0,2009-12-29 18:00:00
1695,0.0,0.0,0.0,0.0,0.0,0.0,2009-12-29 21:00:00
1696,0.0,0.0,0.0,0.0,0.0,0.0,2009-12-30 00:00:00
1697,0.0,0.0,0.0,0.0,0.0,0.0,2009-12-30 03:00:00
1698,0.0,0.0,0.0,0.0,0.0,0.0,2009-12-30 06:00:00
1699,0.0,0.0,0.0,0.0,0.0,0.0,2009-12-30 09:00:00
1700,0.0,0.0,0.0,0.0,0.0,0.0,2009-12-30 12:00:00
1701,0.0,0.0,0.0,0.0,0.0,0.0,2009-12-30 15:00:00
1702,0.0,0.0,0.0,0.0,0.0,0.0,2009-12-30 18:00:00
1703,0.0,0.0,0.0,0.0,0.0,0.0,2009-12-30 21:00:00
1704,0.0,0.0,0.0,0.0,0.0,0.0,2009-12-31 00:00:00
